customer_id,segment,tenure_months,monthly_spend,tickets_last90d,late_invoices_12m,usage_hours_30d,nps,churn
C100000,MidMarket,11,633.62,0,2,33.8,-1,0
C100001,SMB,25,198.56,2,0,11.9,11,0
C100002,SMB,19,141.29,0,2,15.9,25,0
C100003,SMB,9,214.89,1,1,23.2,-14,0
C100004,SMB,22,58.31,4,1,6.6,26,0
C100005,MidMarket,28,485.06,0,1,29.9,28,0
C100006,Enterprise,21,2824.99,2,0,78.5,40,0
C100007,SMB,6,135.08,0,0,7.9,32,0
C100008,MidMarket,34,541.36,1,1,38.3,21,0
C100009,MidMarket,38,492.17,0,0,40.2,26,0
C100010,SMB,26,122.39,1,3,18.5,34,0
C100011,SMB,18,208.57,2,1,12.4,-22,0
C100012,MidMarket,8,426.54,1,0,47.8,-15,0
C100013,SMB,21,159.58,2,1,21.7,12,1
C100014,MidMarket,19,519.76,3,0,54.5,10,0
C100015,MidMarket,25,625.26,3,0,17.2,11,0
C100016,Enterprise,50,1762.9,1,0,49.9,63,0
C100017,SMB,15,152.7,1,1,17.7,8,0
C100018,MidMarket,31,638.67,0,1,30.2,26,0
C100019,SMB,18,117.62,0,1,32.0,37,0
C100020,SMB,20,123.24,1,0,47.0,22,0
C100021,SMB,24,154.77,2,1,25.3,32,0
C100022,SMB,12,166.11,3,1,20.0,1,1
C100023,MidMarket,34,551.12,0,1,52.2,33,0
C100024,SMB,10,133.29,0,0,14.1,10,0
C100025,SMB,25,167.86,3,1,24.3,20,0
C100026,SMB,25,111.2,4,0,11.1,27,1
C100027,MidMarket,25,543.4,1,1,29.0,5,0
C100028,Enterprise,29,4190.41,1,0,54.3,13,0
C100029,MidMarket,40,627.17,0,1,26.6,13,0
C100030,Enterprise,25,2690.78,0,0,51.3,12,0
C100031,MidMarket,22,596.04,0,1,61.9,3,0
C100032,SMB,17,156.71,4,0,38.1,33,0
C100033,MidMarket,27,428.44,1,1,11.0,7,1
C100034,MidMarket,31,784.01,2,0,41.1,37,0
C100035,SMB,21,113.12,1,1,14.1,1,0
C100036,MidMarket,26,284.24,0,0,20.4,39,0
C100037,MidMarket,16,523.36,2,1,39.2,12,0
C100038,SMB,13,166.14,0,4,24.0,21,0
C100039,SMB,23,100.54,2,3,13.2,4,0
C100040,SMB,17,96.65,0,2,12.1,12,1
C100041,MidMarket,13,557.24,1,1,23.4,13,0
C100042,SMB,21,193.65,3,3,25.5,5,0
C100043,MidMarket,25,800.33,1,0,33.9,34,0
C100044,SMB,20,209.47,5,0,18.3,30,0
C100045,SMB,10,180.58,2,0,28.1,18,0
C100046,SMB,22,127.97,1,2,27.8,41,0
C100047,SMB,20,204.13,3,2,14.5,17,0
C100048,SMB,17,229.89,3,1,9.3,-9,0
C100049,SMB,22,118.1,4,1,10.8,2,0
C100050,SMB,21,129.18,4,3,22.2,13,0
C100051,SMB,25,98.81,1,1,20.1,-7,0
C100052,SMB,10,187.61,1,0,21.7,14,0
C100053,SMB,23,130.34,3,1,14.0,26,0
C100054,MidMarket,30,554.73,0,0,52.3,15,0
C100055,SMB,18,103.45,3,2,17.0,4,0
C100056,MidMarket,31,762.43,0,2,43.5,25,0
C100057,MidMarket,22,477.51,1,1,33.0,40,0
C100058,SMB,21,139.98,2,0,23.8,22,0
C100059,MidMarket,26,581.07,2,0,31.7,8,0
C100060,SMB,10,167.64,2,1,14.5,14,1
C100061,MidMarket,20,698.27,1,1,45.2,27,0
C100062,MidMarket,30,402.5,0,2,22.1,47,0
C100063,SMB,17,130.72,3,1,14.0,39,0
C100064,SMB,24,133.09,0,1,42.5,21,0
C100065,SMB,16,152.75,6,3,45.0,-1,0
C100066,SMB,15,165.56,1,2,30.6,2,0
C100067,MidMarket,31,381.78,3,0,43.9,44,0
C100068,Enterprise,29,2455.04,2,0,77.3,-10,0
C100069,SMB,28,126.16,1,1,13.2,38,0
C100070,SMB,31,77.35,0,1,34.4,-3,0
C100071,SMB,10,144.83,1,0,23.3,34,0
C100072,SMB,9,93.14,1,2,21.4,14,0
C100073,MidMarket,17,771.09,2,2,24.2,-28,0
C100074,SMB,25,83.43,2,3,28.4,0,0
C100075,SMB,14,127.44,1,2,22.7,61,0
C100076,MidMarket,16,576.22,0,0,21.8,23,0
C100077,MidMarket,23,476.98,0,0,44.1,15,0
C100078,SMB,26,167.23,1,3,19.5,37,0
C100079,SMB,13,159.3,1,2,30.7,24,0
C100080,SMB,12,146.49,2,0,25.5,2,0
C100081,MidMarket,10,587.76,0,0,48.1,-4,0
C100082,SMB,22,167.19,2,2,6.1,-41,0
C100083,SMB,19,103.38,4,4,21.0,9,0
C100084,SMB,12,201.68,2,0,15.1,38,0
C100085,MidMarket,24,599.57,0,0,49.1,24,0
C100086,Enterprise,24,2047.04,2,0,29.4,48,0
C100087,SMB,16,154.86,2,3,19.4,33,0
C100088,MidMarket,17,888.39,0,1,54.4,-5,0
C100089,SMB,21,131.02,2,1,22.9,14,0
C100090,MidMarket,27,557.88,2,1,25.5,16,0
C100091,MidMarket,19,607.23,4,0,42.9,31,0
C100092,MidMarket,25,462.96,0,2,25.2,32,0
C100093,SMB,21,138.53,2,3,32.6,12,0
C100094,SMB,14,129.81,0,0,15.2,11,0
C100095,SMB,12,200.74,1,4,32.9,0,0
C100096,SMB,8,202.79,0,2,18.7,3,0
C100097,MidMarket,33,495.81,0,0,45.4,26,0
C100098,SMB,21,187.5,0,0,22.6,5,0
C100099,SMB,21,184.41,1,1,34.4,10,0
C100100,MidMarket,15,523.19,0,1,41.9,17,0
C100101,SMB,15,186.06,3,3,30.5,27,0
C100102,MidMarket,27,515.48,1,1,18.9,24,0
C100103,SMB,14,108.46,4,1,20.2,41,0
C100104,SMB,15,187.91,2,1,22.8,12,1
C100105,MidMarket,28,577.22,2,1,49.2,12,0
C100106,Enterprise,24,3176.41,1,0,43.8,7,0
C100107,SMB,20,162.25,4,5,15.4,-9,1
C100108,MidMarket,20,493.08,1,4,30.8,35,0
C100109,SMB,11,139.54,1,0,27.4,29,0
C100110,MidMarket,12,637.82,1,0,19.2,55,0
C100111,SMB,25,195.44,3,1,29.4,28,0
C100112,SMB,13,155.4,1,1,14.0,9,0
C100113,SMB,14,160.78,2,1,22.4,5,0
C100114,SMB,22,99.2,0,0,17.6,16,0
C100115,SMB,17,145.47,0,1,22.4,51,0
C100116,MidMarket,20,344.18,1,2,42.0,2,0
C100117,SMB,14,103.09,0,3,1.3,41,0
C100118,MidMarket,28,554.78,1,0,21.2,7,0
C100119,SMB,25,198.99,3,2,8.1,7,1
C100120,Enterprise,41,2608.23,0,0,35.0,31,0
C100121,SMB,17,177.99,4,1,35.2,55,0
C100122,MidMarket,15,589.26,0,1,33.1,33,0
C100123,MidMarket,25,509.25,2,0,9.7,28,0
C100124,SMB,16,167.16,2,1,31.5,38,0
C100125,SMB,14,187.31,3,1,23.8,2,0
C100126,SMB,19,100.91,2,1,35.6,5,1
C100127,SMB,21,177.31,2,3,38.9,-1,0
C100128,SMB,12,145.97,1,3,32.4,13,0
C100129,SMB,33,156.93,2,0,29.9,26,0
C100130,SMB,14,213.04,1,0,1.4,32,0
C100131,MidMarket,30,523.85,0,1,64.1,28,0
C100132,SMB,13,137.65,0,0,15.4,8,0
C100133,SMB,23,157.51,2,3,19.5,19,0
C100134,Enterprise,24,3884.81,2,0,14.2,32,0
C100135,MidMarket,27,567.64,3,0,21.9,41,0
C100136,SMB,7,144.1,2,2,23.4,36,0
C100137,Enterprise,39,3609.14,1,0,47.1,17,0
C100138,SMB,18,113.1,4,0,19.3,21,0
C100139,SMB,8,162.49,1,2,33.3,39,0
C100140,Enterprise,51,3355.11,1,0,52.3,25,0
C100141,SMB,15,162.2,1,0,30.7,34,0
C100142,MidMarket,34,735.74,1,1,42.9,10,0
C100143,SMB,29,149.75,2,2,23.3,-5,1
C100144,SMB,19,87.94,2,0,25.5,1,0
C100145,MidMarket,20,566.16,1,2,42.3,26,1
C100146,MidMarket,25,687.64,1,0,25.4,15,0
C100147,SMB,30,127.37,1,1,25.8,42,0
C100148,SMB,19,162.53,1,1,24.2,29,0
C100149,SMB,11,135.33,2,0,12.0,10,0
C100150,SMB,1,204.51,3,2,19.8,44,1
C100151,SMB,14,94.38,2,4,27.3,32,0
C100152,MidMarket,24,663.66,2,3,45.3,41,0
C100153,SMB,14,192.25,1,0,26.3,27,0
C100154,MidMarket,28,458.21,2,0,36.0,27,0
C100155,Enterprise,36,4008.21,1,0,53.1,34,0
C100156,SMB,21,182.43,2,0,22.0,41,0
C100157,SMB,14,189.28,4,4,0.0,14,1
C100158,Enterprise,42,2496.27,2,0,43.0,28,0
C100159,Enterprise,33,3112.73,0,0,50.3,4,0
C100160,SMB,20,165.83,1,1,26.5,8,0
C100161,MidMarket,21,632.89,2,0,41.9,15,0
C100162,SMB,19,171.22,3,3,22.5,-1,0
C100163,SMB,10,117.97,1,1,35.9,-1,0
C100164,SMB,22,128.51,7,5,30.4,-1,1
C100165,MidMarket,29,574.63,0,0,44.4,36,0
C100166,SMB,21,123.53,2,1,3.5,22,0
C100167,MidMarket,31,336.2,0,1,40.5,26,0
C100168,SMB,17,207.31,3,1,16.6,-28,0
C100169,SMB,16,191.34,3,1,26.9,36,0
C100170,SMB,1,153.19,1,2,19.6,-9,0
C100171,MidMarket,18,666.88,1,0,26.7,11,0
C100172,SMB,1,102.66,0,3,17.3,-32,0
C100173,SMB,20,159.86,3,3,24.7,16,0
C100174,MidMarket,33,480.86,3,0,40.0,9,0
C100175,SMB,22,128.3,1,2,22.1,25,0
C100176,MidMarket,30,529.94,0,0,30.4,34,0
C100177,MidMarket,14,622.35,1,1,44.6,23,0
C100178,MidMarket,37,593.7,0,4,32.3,10,0
C100179,Enterprise,18,3628.71,0,0,55.0,56,0
C100180,MidMarket,29,684.51,0,0,29.6,18,0
C100181,SMB,25,166.62,1,0,29.4,32,0
C100182,SMB,19,115.18,1,1,25.3,10,0
C100183,SMB,32,154.4,2,0,32.9,5,1
C100184,SMB,16,115.27,5,2,22.9,7,0
C100185,MidMarket,15,501.02,1,1,28.8,-2,0
C100186,SMB,12,95.09,3,0,23.8,-12,0
C100187,SMB,19,160.4,1,3,19.2,14,0
C100188,Enterprise,23,3359.66,0,0,55.6,25,0
C100189,SMB,8,202.73,2,2,32.9,1,0
C100190,SMB,6,85.48,2,2,9.1,18,0
C100191,Enterprise,43,3191.43,0,0,25.4,41,0
C100192,MidMarket,34,565.96,0,0,58.2,63,0
C100193,MidMarket,30,646.93,1,2,49.0,0,0
C100194,SMB,17,162.11,3,1,33.2,20,0
C100195,SMB,15,191.25,4,1,22.1,27,1
C100196,SMB,28,201.33,2,3,19.2,-1,1
C100197,SMB,16,174.19,1,0,20.8,-3,0
C100198,SMB,14,123.08,2,1,16.5,-1,0
C100199,SMB,12,97.84,3,1,25.6,25,0
C100200,MidMarket,25,526.64,0,0,15.6,61,0
C100201,SMB,15,234.06,2,1,19.8,-12,0
C100202,SMB,25,40.0,4,0,12.5,-16,0
C100203,SMB,21,117.42,2,2,28.4,35,0
C100204,SMB,15,182.65,5,1,8.7,17,1
C100205,SMB,20,95.93,0,2,28.6,32,0
C100206,SMB,21,145.05,2,1,27.8,47,0
C100207,MidMarket,26,448.41,1,0,10.7,12,0
C100208,Enterprise,50,3057.83,1,0,37.1,30,0
C100209,SMB,20,137.55,1,2,20.4,20,0
C100210,SMB,18,229.35,4,0,38.1,-28,0
C100211,SMB,21,151.19,1,2,33.2,6,0
C100212,SMB,17,151.11,3,1,24.4,51,1
C100213,MidMarket,27,460.36,0,2,18.5,35,0
C100214,MidMarket,20,716.15,1,1,8.2,7,1
C100215,SMB,15,98.72,6,1,17.7,17,0
C100216,SMB,6,106.26,5,0,24.5,33,0
C100217,MidMarket,8,679.55,2,0,35.4,31,0
C100218,SMB,20,151.0,2,2,2.5,17,0
C100219,Enterprise,36,1692.98,0,0,61.5,22,0
C100220,SMB,10,170.94,3,1,20.0,33,0
C100221,SMB,20,177.8,0,1,30.1,23,0
C100222,MidMarket,24,597.97,0,0,34.6,47,0
C100223,Enterprise,17,2848.3,3,0,6.8,5,0
C100224,SMB,29,127.66,1,0,32.0,14,0
C100225,Enterprise,23,2691.37,1,2,30.6,23,0
C100226,SMB,22,95.23,3,3,10.1,-10,0
C100227,SMB,17,125.4,2,2,23.4,-8,0
C100228,SMB,9,129.86,1,3,20.8,8,0
C100229,SMB,18,190.93,1,1,21.3,24,0
C100230,MidMarket,26,374.09,2,1,26.5,32,0
C100231,Enterprise,29,3620.92,0,0,58.2,-13,0
C100232,SMB,24,195.9,4,1,17.3,31,0
C100233,MidMarket,29,557.23,4,0,35.0,-9,0
C100234,MidMarket,13,480.14,1,2,35.6,34,0
C100235,MidMarket,18,431.16,1,1,42.2,47,0
C100236,SMB,14,190.86,2,1,8.6,48,0
C100237,MidMarket,13,592.15,1,0,41.0,33,0
C100238,MidMarket,4,738.49,1,1,52.4,-3,0
C100239,MidMarket,22,729.31,0,0,36.4,24,0
C100240,MidMarket,20,618.73,1,0,13.8,18,0
C100241,Enterprise,35,2172.39,0,1,55.1,41,0
C100242,SMB,30,161.6,2,2,14.0,19,0
C100243,SMB,17,252.07,5,2,43.8,-1,1
C100244,SMB,12,147.81,3,0,11.4,25,0
C100245,MidMarket,6,528.06,0,2,54.0,29,0
C100246,SMB,8,115.14,1,1,34.5,11,0
C100247,SMB,20,189.69,3,2,37.2,1,0
C100248,SMB,14,115.06,2,3,24.6,8,1
C100249,SMB,21,184.35,3,1,20.5,25,0
C100250,SMB,20,110.05,5,2,27.7,13,1
C100251,MidMarket,16,617.0,1,0,27.0,21,1
C100252,SMB,29,184.66,1,2,30.4,-10,0
C100253,MidMarket,31,405.74,2,0,56.4,21,0
C100254,SMB,12,165.56,4,1,33.8,36,0
C100255,SMB,11,98.29,3,1,29.8,23,0
C100256,MidMarket,19,571.0,0,0,15.9,12,0
C100257,SMB,10,177.6,3,1,8.1,23,0
C100258,MidMarket,35,648.55,3,1,11.1,5,0
C100259,MidMarket,33,643.87,2,2,40.8,24,0
C100260,Enterprise,21,2077.15,0,1,30.1,12,0
C100261,SMB,22,143.16,2,3,34.1,34,1
C100262,SMB,31,207.35,2,2,44.1,22,0
C100263,SMB,17,177.89,1,1,22.6,-11,0
C100264,SMB,15,109.14,0,1,23.9,5,0
C100265,SMB,18,152.07,1,0,17.5,27,0
C100266,SMB,24,209.12,2,0,6.1,39,0
C100267,MidMarket,35,702.67,3,0,33.0,27,0
C100268,MidMarket,27,691.63,1,0,34.3,6,0
C100269,SMB,14,152.15,2,2,16.3,37,0
C100270,Enterprise,48,1729.22,1,1,43.0,32,0
C100271,SMB,11,111.07,0,0,15.9,37,0
C100272,SMB,9,127.17,4,2,29.2,2,0
C100273,MidMarket,18,733.88,1,1,23.7,42,0
C100274,SMB,23,215.84,1,1,35.9,24,0
C100275,Enterprise,19,3432.99,2,1,44.1,16,0
C100276,SMB,11,123.22,3,0,23.4,35,0
C100277,SMB,18,187.68,3,3,11.7,-10,0
C100278,MidMarket,23,562.8,0,1,32.5,9,0
C100279,SMB,12,156.45,1,0,13.0,37,0
C100280,Enterprise,32,2993.96,1,0,55.4,48,0
C100281,SMB,17,80.36,3,3,27.2,30,0
C100282,SMB,16,115.16,4,0,46.7,6,0
C100283,SMB,14,170.96,4,2,9.8,4,1
C100284,SMB,18,112.41,0,1,30.2,45,0
C100285,SMB,18,139.84,4,2,30.6,4,0
C100286,SMB,21,128.49,1,1,24.5,9,0
C100287,SMB,25,106.38,0,2,9.9,51,0
C100288,MidMarket,26,583.17,0,0,27.6,3,0
C100289,MidMarket,30,515.62,0,0,44.6,7,0
C100290,SMB,22,132.15,2,3,22.6,28,1
C100291,MidMarket,38,716.65,1,0,39.9,18,0
C100292,MidMarket,27,790.01,2,0,21.7,10,0
C100293,MidMarket,30,621.82,3,3,38.7,53,0
C100294,MidMarket,13,527.6,2,2,28.3,33,0
C100295,SMB,30,177.62,4,1,31.2,-29,0
C100296,SMB,16,129.26,4,1,16.6,7,1
C100297,MidMarket,28,625.51,2,1,16.5,8,0
C100298,SMB,24,154.62,1,0,14.5,42,0
C100299,SMB,21,107.72,1,3,15.8,9,0
C100300,SMB,21,158.15,2,1,35.5,-19,0
C100301,MidMarket,27,667.6,0,1,41.9,3,0
C100302,SMB,17,135.52,2,1,26.1,19,0
C100303,SMB,18,94.28,2,1,17.9,23,0
C100304,SMB,17,177.4,1,0,28.1,46,0
C100305,SMB,13,186.87,2,3,42.2,39,0
C100306,SMB,22,126.8,2,2,25.5,5,0
C100307,MidMarket,15,691.97,2,1,16.1,14,0
C100308,SMB,9,170.51,4,2,6.2,29,0
C100309,MidMarket,24,610.64,0,0,52.5,16,0
C100310,SMB,9,216.38,1,0,17.8,3,0
C100311,Enterprise,29,3559.47,0,0,47.7,17,0
C100312,SMB,22,122.88,2,0,8.3,8,0
C100313,SMB,20,176.0,3,1,13.2,7,0
C100314,Enterprise,26,2971.24,0,0,59.3,45,0
C100315,SMB,10,157.11,4,1,8.1,17,1
C100316,Enterprise,57,3103.13,1,1,23.1,16,0
C100317,Enterprise,32,1138.92,1,0,42.9,28,0
C100318,MidMarket,33,387.1,0,1,40.6,5,0
C100319,MidMarket,23,441.19,1,1,43.5,41,0
C100320,SMB,21,129.23,2,1,25.4,44,0
C100321,SMB,18,157.55,0,0,39.7,-11,0
C100322,SMB,13,198.97,4,0,14.9,39,0
C100323,MidMarket,16,610.53,0,0,52.4,31,0
C100324,Enterprise,10,2672.01,2,1,50.5,20,0
C100325,SMB,12,118.85,1,3,39.7,26,1
C100326,SMB,18,86.21,1,1,35.6,0,0
C100327,MidMarket,28,526.97,1,0,49.4,17,0
C100328,MidMarket,25,724.54,1,2,27.6,14,0
C100329,SMB,12,82.21,0,1,19.1,14,0
C100330,MidMarket,17,673.58,1,1,42.8,12,0
C100331,SMB,14,107.57,1,1,39.1,26,0
C100332,SMB,13,165.75,2,1,29.2,41,0
C100333,MidMarket,14,348.21,3,0,29.4,17,0
C100334,SMB,20,145.83,1,1,17.3,33,1
C100335,MidMarket,21,572.83,1,0,31.2,14,0
C100336,SMB,10,203.88,1,2,7.9,28,0
C100337,Enterprise,28,2962.86,2,0,10.5,47,0
C100338,MidMarket,22,609.65,1,2,38.1,12,0
C100339,MidMarket,21,497.05,1,0,20.0,4,0
C100340,SMB,16,178.83,3,2,9.3,-24,1
C100341,Enterprise,44,2662.08,1,0,63.3,21,0
C100342,MidMarket,26,668.03,0,1,18.2,39,0
C100343,SMB,24,140.32,5,2,17.6,-1,1
C100344,SMB,6,165.75,1,0,31.1,35,0
C100345,SMB,28,202.28,5,1,34.1,13,0
C100346,SMB,18,156.36,2,0,21.0,21,0
C100347,SMB,19,215.33,2,0,0.0,39,0
C100348,SMB,9,227.89,2,0,32.5,9,0
C100349,SMB,5,142.25,2,1,10.2,10,0
C100350,SMB,28,179.73,2,1,6.0,5,0
C100351,SMB,19,130.92,2,0,16.6,37,0
C100352,MidMarket,32,617.35,2,2,41.8,19,0
C100353,SMB,21,182.78,3,1,20.6,-1,0
C100354,SMB,11,137.65,2,1,19.7,4,0
C100355,MidMarket,26,544.71,2,1,21.6,42,0
C100356,SMB,18,204.12,4,3,12.9,24,0
C100357,SMB,17,128.08,3,2,23.5,38,0
C100358,Enterprise,34,2499.0,0,0,78.3,68,0
C100359,MidMarket,17,497.19,0,0,67.0,35,0
C100360,SMB,12,137.02,0,2,26.6,7,0
C100361,SMB,11,193.16,4,3,11.7,41,1
C100362,SMB,15,135.73,2,1,20.2,58,0
C100363,SMB,19,181.52,1,0,16.4,42,0
C100364,MidMarket,14,808.09,0,0,48.1,45,0
C100365,SMB,16,142.28,2,0,29.0,7,0
C100366,SMB,23,163.76,6,1,32.7,8,0
C100367,MidMarket,41,609.49,1,0,57.4,24,0
C100368,MidMarket,18,579.98,2,1,42.7,-22,0
C100369,MidMarket,10,740.77,0,0,19.2,6,0
C100370,SMB,10,161.63,0,0,42.9,3,0
C100371,SMB,17,204.13,1,1,9.6,29,0
C100372,SMB,20,162.57,1,2,28.9,31,0
C100373,MidMarket,19,709.41,0,0,33.4,38,0
C100374,SMB,20,190.92,5,3,34.4,37,0
C100375,SMB,15,96.87,0,1,16.7,24,1
C100376,MidMarket,16,457.69,1,2,48.3,17,0
C100377,SMB,10,138.17,3,0,33.5,53,0
C100378,MidMarket,21,817.6,0,4,42.8,19,0
C100379,MidMarket,16,295.05,0,0,30.2,50,0
C100380,MidMarket,37,566.85,1,0,32.4,19,0
C100381,SMB,13,165.56,0,3,26.9,27,1
C100382,MidMarket,24,618.52,1,2,24.9,85,0
C100383,Enterprise,19,3158.24,0,0,30.3,43,0
C100384,SMB,15,193.67,1,1,26.7,40,0
C100385,SMB,3,101.75,3,6,24.4,26,0
C100386,SMB,13,164.35,2,0,38.4,62,1
C100387,SMB,11,226.37,1,1,31.3,24,1
C100388,Enterprise,44,3579.33,0,0,46.6,12,0
C100389,MidMarket,31,374.35,2,1,45.3,14,0
C100390,SMB,19,160.48,2,1,10.2,10,0
C100391,SMB,19,153.73,3,0,16.0,38,0
C100392,SMB,15,148.06,2,1,18.7,36,1
C100393,Enterprise,36,2729.09,1,1,39.8,1,0
C100394,SMB,30,138.19,1,0,18.4,15,0
C100395,SMB,15,129.21,2,0,14.1,26,0
C100396,SMB,10,102.72,0,2,17.9,17,0
C100397,MidMarket,19,451.09,0,1,34.8,20,0
C100398,MidMarket,20,577.66,3,2,36.9,33,0
C100399,MidMarket,28,633.04,1,0,40.5,11,0
C100400,SMB,17,106.38,2,1,6.5,22,0
C100401,SMB,17,123.59,1,1,24.5,-1,0
C100402,SMB,17,135.94,1,1,19.8,42,0
C100403,MidMarket,16,669.68,1,0,34.3,31,0
C100404,MidMarket,14,708.3,1,1,27.2,57,0
C100405,Enterprise,40,2340.63,2,0,49.3,31,0
C100406,MidMarket,28,566.17,3,0,41.4,-1,1
C100407,MidMarket,33,569.26,0,1,51.3,33,0
C100408,Enterprise,33,2270.64,0,0,31.9,24,0
C100409,MidMarket,18,449.69,2,1,34.5,29,1
C100410,Enterprise,36,3557.45,2,1,66.1,10,0
C100411,SMB,14,40.0,3,2,26.8,-4,0
C100412,SMB,21,141.37,2,0,6.1,13,1
C100413,MidMarket,14,598.11,1,0,28.6,25,0
C100414,Enterprise,28,3150.83,2,0,43.0,15,0
C100415,SMB,15,187.97,1,2,41.9,36,0
C100416,MidMarket,18,753.06,2,0,31.0,36,0
C100417,SMB,13,55.75,0,1,35.8,37,0
C100418,SMB,18,52.11,2,3,30.5,41,1
C100419,Enterprise,20,3774.78,1,1,17.8,21,0
C100420,SMB,12,219.93,1,1,15.2,61,0
C100421,MidMarket,21,548.31,2,2,20.1,21,0
C100422,SMB,16,167.82,3,2,19.4,-6,1
C100423,Enterprise,34,4029.79,2,1,28.7,19,0
C100424,SMB,26,141.18,2,0,15.6,19,0
C100425,SMB,16,122.13,0,3,22.7,41,0
C100426,SMB,17,158.76,2,2,31.2,19,0
C100427,SMB,17,119.74,3,1,21.3,8,0
C100428,MidMarket,17,575.08,0,0,29.3,70,0
C100429,SMB,12,108.55,1,3,32.9,11,0
C100430,SMB,30,80.18,1,1,16.6,10,0
C100431,SMB,28,154.51,2,1,25.6,14,0
C100432,MidMarket,22,469.16,0,1,44.6,19,0
C100433,SMB,17,170.89,3,3,9.5,1,1
C100434,SMB,21,160.0,4,3,25.9,38,0
C100435,MidMarket,34,547.93,0,1,33.6,-2,0
C100436,SMB,11,132.95,4,0,3.6,6,0
C100437,SMB,18,139.21,1,1,32.8,1,0
C100438,MidMarket,9,573.12,1,2,30.7,6,0
C100439,Enterprise,8,2885.82,4,0,44.1,3,0
C100440,MidMarket,17,865.27,1,0,39.0,22,0
C100441,MidMarket,28,576.59,1,1,48.6,65,0
C100442,Enterprise,22,2144.53,1,0,69.8,25,0
C100443,MidMarket,29,675.77,0,0,34.7,32,0
C100444,MidMarket,8,547.11,0,1,63.4,30,0
C100445,MidMarket,23,689.06,3,1,59.9,28,0
C100446,MidMarket,34,592.36,1,0,32.2,55,0
C100447,MidMarket,23,428.47,0,1,27.9,29,0
C100448,SMB,20,170.86,5,2,25.4,-9,1
C100449,MidMarket,36,406.49,2,2,41.6,-5,0
C100450,MidMarket,8,786.92,0,1,49.2,16,0
C100451,SMB,16,211.63,1,1,38.0,7,1
C100452,SMB,22,203.17,2,1,24.4,6,0
C100453,MidMarket,17,738.98,1,2,29.4,29,0
C100454,SMB,12,139.57,1,1,24.4,25,1
C100455,MidMarket,28,627.96,3,0,43.9,10,0
C100456,MidMarket,27,607.88,0,1,48.3,17,0
C100457,Enterprise,25,1518.54,0,1,41.5,19,0
C100458,MidMarket,36,738.54,1,0,22.1,17,0
C100459,SMB,21,162.37,1,2,4.0,0,0
C100460,MidMarket,30,368.21,3,1,34.2,41,0
C100461,MidMarket,35,430.8,2,0,42.1,33,0
C100462,SMB,14,124.25,2,1,35.1,10,1
C100463,SMB,13,153.3,3,1,45.3,6,1
C100464,SMB,18,133.47,4,3,14.9,20,0
C100465,SMB,14,131.53,1,2,26.2,2,0
C100466,MidMarket,28,523.89,0,1,43.8,17,0
C100467,SMB,14,142.49,0,2,9.8,36,0
C100468,MidMarket,21,572.33,0,1,43.9,17,1
C100469,MidMarket,17,526.44,2,0,7.2,-12,0
C100470,MidMarket,22,566.7,3,1,28.5,17,0
C100471,SMB,22,185.89,3,3,18.8,-17,0
C100472,SMB,18,180.63,2,0,25.0,16,0
C100473,SMB,11,124.57,0,0,24.6,19,0
C100474,SMB,15,157.41,2,1,16.3,26,0
C100475,MidMarket,14,573.77,0,1,15.5,-3,0
C100476,SMB,10,161.26,0,1,15.8,16,0
C100477,MidMarket,19,585.07,2,1,42.1,33,0
C100478,SMB,22,159.87,1,2,41.7,45,0
C100479,MidMarket,22,509.67,1,1,46.4,25,0
C100480,SMB,16,117.04,3,3,28.6,-2,0
C100481,SMB,8,119.12,4,2,6.0,-8,1
C100482,MidMarket,12,417.64,0,0,30.9,29,0
C100483,SMB,14,145.46,1,2,10.3,39,0
C100484,MidMarket,19,827.31,0,0,26.1,19,0
C100485,SMB,18,96.66,5,1,31.0,19,0
C100486,Enterprise,35,2498.02,4,2,52.8,7,0
C100487,MidMarket,36,817.45,1,0,60.1,26,0
C100488,MidMarket,24,555.41,1,1,20.9,34,0
C100489,Enterprise,7,2471.77,0,0,50.7,-8,0
C100490,SMB,20,125.81,2,1,33.3,-5,0
C100491,Enterprise,44,2114.48,1,0,38.6,25,0
C100492,SMB,26,69.05,3,0,17.0,11,0
C100493,Enterprise,8,3189.94,0,0,55.4,2,0
C100494,MidMarket,28,732.5,0,2,43.1,48,0
C100495,MidMarket,31,672.18,1,1,29.3,29,1
C100496,SMB,20,122.92,3,2,41.4,17,0
C100497,SMB,20,109.41,1,1,11.9,19,0
C100498,Enterprise,23,2996.8,0,0,62.9,8,0
C100499,SMB,19,162.89,2,0,27.7,-16,0
C100500,MidMarket,20,816.38,1,2,35.7,18,0
C100501,SMB,17,202.35,3,1,24.5,37,1
C100502,MidMarket,33,687.48,0,1,28.6,45,0
C100503,MidMarket,25,704.27,1,0,58.5,21,0
C100504,SMB,24,121.19,3,1,30.8,15,0
C100505,Enterprise,10,2958.16,1,0,42.5,43,0
C100506,SMB,7,150.33,2,1,22.6,21,0
C100507,SMB,11,174.99,1,0,32.2,13,0
C100508,SMB,11,223.96,1,1,25.9,24,0
C100509,Enterprise,20,3481.3,0,2,46.6,18,0
C100510,SMB,27,106.95,2,1,6.6,34,0
C100511,MidMarket,28,612.21,0,2,47.5,2,0
C100512,SMB,7,198.43,1,0,33.9,18,1
C100513,MidMarket,23,567.14,1,3,53.0,5,0
C100514,SMB,17,89.45,0,2,25.3,14,0
C100515,Enterprise,16,3394.99,2,0,42.6,34,0
C100516,Enterprise,30,3125.41,1,1,57.9,34,0
C100517,Enterprise,21,2472.61,0,1,72.8,11,0
C100518,MidMarket,20,664.2,3,1,35.8,-15,0
C100519,SMB,14,157.56,2,2,32.7,-21,0
C100520,SMB,24,202.48,0,1,15.4,26,0
C100521,SMB,18,92.36,3,0,44.5,12,0
C100522,SMB,13,57.9,3,0,40.2,11,0
C100523,SMB,9,216.32,1,1,27.2,14,0
C100524,Enterprise,19,3122.12,0,1,42.5,63,0
C100525,SMB,14,160.07,2,3,20.7,11,0
C100526,SMB,10,158.49,6,1,34.3,3,1
C100527,Enterprise,26,2995.09,1,1,37.3,55,0
C100528,SMB,18,70.57,5,0,42.4,-11,1
C100529,SMB,19,125.77,2,2,25.3,12,0
C100530,MidMarket,21,625.27,2,0,17.1,17,0
C100531,MidMarket,26,504.85,1,4,31.6,26,0
C100532,SMB,15,140.98,2,1,5.7,5,0
C100533,SMB,24,111.88,1,1,5.9,48,0
C100534,MidMarket,14,703.3,0,1,50.9,57,0
C100535,SMB,12,193.37,1,1,16.3,25,1
C100536,MidMarket,26,453.61,1,1,25.6,20,0
C100537,MidMarket,28,578.9,0,0,40.5,41,0
C100538,MidMarket,20,736.83,3,0,13.4,19,0
C100539,SMB,17,73.52,3,1,15.8,19,0
C100540,SMB,17,213.07,1,1,6.2,19,0
C100541,SMB,24,162.08,1,0,11.5,46,0
C100542,MidMarket,29,463.37,2,0,31.2,16,0
C100543,MidMarket,14,554.49,1,0,30.6,39,0
C100544,MidMarket,32,408.64,2,1,26.6,32,0
C100545,Enterprise,21,3755.83,1,0,65.6,38,0
C100546,MidMarket,26,568.53,2,1,37.8,8,0
C100547,SMB,22,204.35,2,0,22.4,18,1
C100548,MidMarket,33,820.15,4,0,45.6,23,0
C100549,MidMarket,25,770.76,1,2,44.8,25,0
C100550,SMB,24,86.6,2,0,40.5,0,0
C100551,SMB,16,93.66,2,0,20.6,-13,0
C100552,SMB,13,135.18,1,3,13.2,48,0
C100553,SMB,14,148.86,4,1,5.9,31,1
C100554,MidMarket,10,442.23,2,1,28.8,10,0
C100555,MidMarket,22,783.29,5,0,32.4,24,1
C100556,SMB,11,193.37,0,2,26.5,-2,0
C100557,SMB,26,202.22,0,0,23.7,28,1
C100558,SMB,23,117.59,5,1,11.0,28,0
C100559,MidMarket,21,737.62,2,2,28.8,42,0
C100560,Enterprise,15,1602.91,3,1,19.5,17,0
C100561,SMB,18,108.21,2,2,15.2,6,0
C100562,SMB,18,110.98,4,1,37.9,40,0
C100563,MidMarket,24,504.61,0,1,39.9,27,0
C100564,SMB,20,213.58,2,2,31.6,27,0
C100565,MidMarket,16,795.35,1,0,33.1,-6,0
C100566,SMB,17,164.71,1,3,17.9,0,0
C100567,MidMarket,15,745.22,0,1,43.0,-13,0
C100568,MidMarket,25,648.78,1,1,20.4,28,0
C100569,MidMarket,20,657.61,1,1,30.5,14,0
C100570,MidMarket,9,550.43,1,0,42.0,24,1
C100571,MidMarket,29,522.81,1,2,53.5,19,0
C100572,MidMarket,21,599.96,0,1,52.0,16,0
C100573,MidMarket,18,857.76,1,0,25.5,2,0
C100574,SMB,20,142.72,1,1,11.0,37,0
C100575,SMB,32,143.33,1,3,26.0,28,0
C100576,SMB,15,103.95,4,3,26.4,5,1
C100577,SMB,20,229.6,1,0,32.9,38,0
C100578,SMB,15,85.93,3,4,12.1,9,1
C100579,MidMarket,39,575.78,0,0,40.2,57,0
C100580,MidMarket,23,485.09,1,0,31.1,52,0
C100581,SMB,15,200.25,0,0,20.7,52,0
C100582,SMB,15,132.47,0,0,20.9,52,0
C100583,MidMarket,35,676.7,0,0,31.5,13,0
C100584,MidMarket,21,538.96,0,2,42.0,5,0
C100585,MidMarket,35,485.71,0,1,29.8,16,0
C100586,MidMarket,6,539.7,0,1,34.4,43,0
C100587,Enterprise,16,2961.26,0,0,35.8,35,0
C100588,MidMarket,39,542.1,1,0,58.3,33,0
C100589,Enterprise,32,3709.03,0,0,57.3,44,0
C100590,SMB,12,106.44,5,3,3.5,-4,0
C100591,MidMarket,28,513.29,0,2,40.7,46,0
C100592,SMB,13,148.41,1,0,19.0,31,0
C100593,SMB,9,134.14,3,0,8.6,49,0
C100594,SMB,14,155.86,2,5,7.7,21,0
C100595,SMB,8,152.86,1,2,20.4,6,0
C100596,MidMarket,30,891.09,1,1,19.0,18,0
C100597,SMB,22,155.09,2,1,32.4,21,0
C100598,SMB,17,186.52,0,0,14.2,3,0
C100599,SMB,12,128.27,3,0,10.7,22,0
C100600,SMB,20,146.74,2,1,13.4,37,0
C100601,Enterprise,16,3352.84,1,0,28.0,14,0
C100602,Enterprise,35,3064.18,0,0,59.1,54,0
C100603,SMB,15,233.74,1,3,13.4,7,0
C100604,MidMarket,36,613.64,1,2,36.1,36,0
C100605,SMB,15,129.99,3,1,10.9,-3,0
C100606,SMB,14,176.59,3,2,23.6,19,1
C100607,MidMarket,27,560.75,0,0,56.9,8,0
C100608,SMB,20,130.61,5,0,32.1,13,0
C100609,SMB,11,169.97,1,1,17.7,36,0
C100610,SMB,17,141.84,0,1,18.6,18,0
C100611,SMB,21,217.31,3,1,22.7,0,0
C100612,SMB,16,173.05,0,2,30.0,16,0
C100613,SMB,17,121.03,3,3,7.7,-14,0
C100614,SMB,31,142.74,4,1,22.4,25,1
C100615,SMB,12,150.78,2,0,14.8,27,0
C100616,SMB,14,206.62,4,1,36.9,31,0
C100617,SMB,26,133.83,3,3,33.7,42,0
C100618,SMB,18,147.44,4,5,9.4,-4,1
C100619,SMB,16,188.85,5,1,39.7,0,0
C100620,MidMarket,27,523.7,2,1,49.4,25,0
C100621,MidMarket,23,491.45,1,2,35.1,24,0
C100622,Enterprise,40,2812.66,1,1,57.5,-6,0
C100623,SMB,24,161.61,1,1,19.7,45,0
C100624,Enterprise,48,3715.78,0,1,62.1,8,0
C100625,Enterprise,2,2960.69,1,0,55.3,42,0
C100626,SMB,14,156.13,0,1,32.9,25,0
C100627,SMB,10,149.68,0,0,38.8,19,0
C100628,SMB,26,136.99,3,2,23.4,37,0
C100629,MidMarket,16,563.32,0,0,40.7,-6,0
C100630,MidMarket,17,633.33,1,0,34.9,48,0
C100631,Enterprise,26,2335.07,1,1,52.1,43,0
C100632,SMB,16,182.08,0,0,23.9,9,0
C100633,SMB,26,168.09,5,3,17.6,-5,1
C100634,SMB,17,143.32,1,1,38.9,9,0
C100635,MidMarket,15,675.12,0,0,39.7,26,0
C100636,SMB,16,160.1,1,0,15.9,4,0
C100637,MidMarket,42,529.66,0,0,38.3,42,0
C100638,SMB,17,117.77,3,1,18.0,55,0
C100639,Enterprise,10,2415.84,4,0,60.3,-1,0
C100640,SMB,20,92.23,4,0,15.9,30,0
C100641,SMB,17,123.77,1,4,0.0,18,1
C100642,SMB,8,109.64,5,2,3.4,6,1
C100643,SMB,13,141.11,3,2,23.5,2,1
C100644,SMB,10,120.79,1,0,38.0,26,0
C100645,SMB,5,131.82,4,3,20.4,-16,0
C100646,SMB,12,111.32,1,0,32.3,42,0
C100647,MidMarket,22,655.18,1,0,14.3,36,0
C100648,MidMarket,15,647.39,2,0,26.2,37,0
C100649,MidMarket,24,570.0,2,3,40.0,23,1
C100650,MidMarket,31,574.9,0,0,35.9,43,0
C100651,MidMarket,34,486.89,0,0,35.4,38,0
C100652,SMB,8,88.62,1,0,35.3,41,0
C100653,SMB,23,183.87,2,1,21.4,40,0
C100654,SMB,16,140.95,1,2,27.4,30,0
C100655,SMB,16,119.83,3,1,18.5,17,0
C100656,SMB,21,111.54,1,1,26.1,36,0
C100657,SMB,11,110.02,1,1,14.5,32,0
C100658,MidMarket,16,598.67,0,0,28.4,23,0
C100659,Enterprise,47,1942.88,5,2,38.3,-19,0
C100660,SMB,8,152.3,2,2,16.7,19,1
C100661,MidMarket,33,803.67,1,3,25.8,-7,0
C100662,SMB,19,151.94,2,4,11.7,6,1
C100663,SMB,19,129.59,1,1,26.8,0,0
C100664,MidMarket,21,711.81,0,0,45.2,53,0
C100665,MidMarket,32,542.67,1,1,45.1,69,0
C100666,Enterprise,29,3340.1,1,0,35.5,8,0
C100667,MidMarket,43,543.17,0,0,48.2,5,0
C100668,MidMarket,29,607.66,0,3,59.3,11,0
C100669,SMB,28,123.86,6,2,12.3,-9,0
C100670,MidMarket,23,680.2,0,2,44.9,13,0
C100671,MidMarket,36,719.92,1,0,40.5,22,0
C100672,SMB,21,180.08,2,1,12.2,17,1
C100673,SMB,13,127.46,2,2,17.2,47,0
C100674,SMB,22,151.04,1,1,22.0,29,0
C100675,MidMarket,18,941.19,1,2,50.1,31,0
C100676,SMB,16,164.35,2,1,18.4,14,0
C100677,SMB,15,124.59,1,1,14.1,33,0
C100678,MidMarket,23,609.87,2,0,62.8,7,0
C100679,MidMarket,17,673.3,1,1,41.8,42,0
C100680,SMB,26,117.12,3,0,15.0,46,0
C100681,MidMarket,35,724.83,0,2,35.0,-12,0
C100682,SMB,20,177.76,1,0,24.8,52,0
C100683,SMB,14,209.65,2,3,25.0,49,0
C100684,SMB,17,113.88,0,1,28.0,16,0
C100685,SMB,22,111.56,6,1,19.9,11,1
C100686,SMB,18,195.36,2,0,22.5,31,0
C100687,MidMarket,25,625.67,0,1,52.5,28,0
C100688,MidMarket,14,566.66,0,1,12.1,31,0
C100689,MidMarket,25,732.03,0,0,39.1,54,0
C100690,SMB,16,162.53,3,0,24.1,18,1
C100691,MidMarket,25,449.54,2,1,22.3,15,0
C100692,SMB,24,238.67,1,2,17.5,9,0
C100693,SMB,13,131.61,1,0,15.0,21,1
C100694,MidMarket,10,413.19,1,1,27.6,4,0
C100695,SMB,12,182.32,2,1,21.4,47,0
C100696,MidMarket,12,692.06,2,0,46.9,45,0
C100697,SMB,23,128.03,4,1,9.0,-11,1
C100698,SMB,19,206.0,2,1,27.7,3,0
C100699,MidMarket,18,990.77,0,1,49.0,15,0
C100700,SMB,17,203.53,3,2,33.0,11,0
C100701,SMB,11,164.04,1,6,21.8,22,0
C100702,SMB,8,102.56,1,1,35.6,45,0
C100703,MidMarket,35,586.93,1,1,40.2,6,0
C100704,SMB,20,137.35,1,3,29.1,5,0
C100705,SMB,19,138.19,1,3,19.2,34,1
C100706,Enterprise,52,3084.84,0,1,34.8,28,0
C100707,SMB,10,71.79,3,2,32.5,11,0
C100708,SMB,22,150.69,3,3,25.6,29,0
C100709,SMB,19,185.05,1,3,27.8,34,0
C100710,MidMarket,28,470.0,0,2,27.0,49,0
C100711,SMB,24,127.5,2,3,23.7,11,1
C100712,SMB,27,197.59,1,3,18.1,23,1
C100713,SMB,27,162.58,0,2,8.4,-4,0
C100714,MidMarket,20,628.42,3,1,29.2,33,0
C100715,MidMarket,24,493.14,2,1,50.0,3,0
C100716,SMB,23,213.38,5,1,23.3,-9,0
C100717,SMB,9,230.3,2,0,20.1,25,0
C100718,Enterprise,26,2548.9,3,0,25.6,10,0
C100719,Enterprise,30,3150.17,1,0,67.9,38,0
C100720,MidMarket,22,537.09,0,1,39.3,10,0
C100721,SMB,22,127.61,1,0,14.8,18,0
C100722,MidMarket,30,592.78,0,0,4.9,32,0
C100723,SMB,16,144.41,3,2,22.9,19,1
C100724,Enterprise,49,3772.82,0,0,54.2,29,0
C100725,SMB,18,82.72,3,1,18.5,27,0
C100726,SMB,19,152.51,5,3,28.0,47,1
C100727,SMB,11,176.46,4,0,25.5,31,1
C100728,MidMarket,28,576.39,1,2,39.3,-30,0
C100729,MidMarket,23,552.46,1,0,13.8,-2,0
C100730,MidMarket,26,663.75,2,0,29.6,-5,0
C100731,MidMarket,34,504.31,0,1,18.0,20,0
C100732,MidMarket,34,556.49,2,1,33.4,37,0
C100733,SMB,7,180.89,0,3,45.5,22,0
C100734,MidMarket,33,552.22,1,0,30.0,30,0
C100735,SMB,16,103.56,1,1,47.1,61,0
C100736,SMB,15,104.17,1,0,12.2,43,1
C100737,MidMarket,37,547.9,2,0,26.1,38,0
C100738,MidMarket,23,622.98,1,2,33.0,58,0
C100739,SMB,17,71.97,2,0,23.4,24,0
C100740,SMB,14,136.51,3,1,12.7,-6,0
C100741,SMB,14,189.51,1,0,25.3,54,0
C100742,MidMarket,28,488.95,1,0,35.5,12,0
C100743,SMB,18,143.27,1,2,26.0,15,0
C100744,MidMarket,11,810.71,0,2,39.0,31,0
C100745,MidMarket,18,655.01,2,0,29.5,-7,0
C100746,SMB,20,113.52,2,2,30.9,20,0
C100747,SMB,15,168.37,1,1,14.1,-2,0
C100748,SMB,22,145.98,1,1,23.3,-7,0
C100749,SMB,19,163.52,2,2,27.8,61,0
C100750,MidMarket,28,469.68,0,1,26.8,43,0
C100751,Enterprise,36,2015.61,0,0,58.0,25,0
C100752,SMB,20,172.8,2,1,13.7,35,0
C100753,SMB,27,101.7,1,1,11.5,16,0
C100754,SMB,9,169.43,1,1,19.8,29,0
C100755,MidMarket,11,316.59,1,0,18.6,3,0
C100756,SMB,12,127.85,3,3,24.6,-6,1
C100757,SMB,15,148.67,2,0,20.6,15,1
C100758,MidMarket,25,606.26,0,0,44.8,18,0
C100759,MidMarket,22,656.25,1,1,39.3,22,0
C100760,MidMarket,32,585.29,1,0,43.7,18,0
C100761,SMB,17,170.45,4,2,20.4,28,0
C100762,SMB,18,107.1,1,3,25.3,40,1
C100763,SMB,10,47.88,1,3,17.1,4,1
C100764,MidMarket,25,661.35,1,0,12.6,23,0
C100765,MidMarket,11,568.38,2,1,39.9,24,0
C100766,SMB,19,190.3,1,0,25.4,13,0
C100767,SMB,24,173.43,2,2,23.7,18,0
C100768,SMB,18,177.38,2,0,33.2,41,0
C100769,SMB,12,191.95,3,0,15.5,-6,0
C100770,SMB,19,90.35,2,1,19.9,12,0
C100771,MidMarket,31,472.44,1,1,25.8,38,0
C100772,MidMarket,24,525.86,3,1,36.2,7,0
C100773,SMB,17,176.06,0,1,5.1,40,0
C100774,Enterprise,22,2567.5,0,1,58.9,22,0
C100775,SMB,17,162.63,0,0,21.5,48,0
C100776,MidMarket,19,547.96,1,0,45.3,21,0
C100777,Enterprise,39,3532.09,1,0,45.1,25,0
C100778,MidMarket,24,509.1,0,0,23.8,23,0
C100779,SMB,14,179.14,7,3,40.4,-18,0
C100780,SMB,18,151.74,2,2,22.5,22,0
C100781,SMB,19,168.3,1,2,21.7,43,0
C100782,SMB,16,173.2,0,0,32.3,24,0
C100783,SMB,10,82.39,0,2,27.7,26,0
C100784,MidMarket,20,375.77,0,0,40.7,16,0
C100785,SMB,12,218.65,4,2,44.5,19,0
C100786,MidMarket,39,667.89,1,1,16.6,22,0
C100787,SMB,23,126.5,3,2,28.9,8,0
C100788,SMB,11,211.44,4,0,30.1,-4,0
C100789,SMB,13,124.91,0,0,28.9,10,0
C100790,MidMarket,12,588.9,0,0,0.9,8,0
C100791,SMB,26,130.35,2,3,27.7,10,0
C100792,SMB,13,152.88,1,0,0.0,32,0
C100793,SMB,23,149.13,1,4,5.4,-28,0
C100794,SMB,15,84.87,1,1,23.2,55,0
C100795,MidMarket,21,488.27,1,0,33.8,32,1
C100796,MidMarket,18,605.97,1,1,33.5,-2,0
C100797,MidMarket,25,724.98,4,0,49.6,34,0
C100798,SMB,11,146.13,1,1,26.5,8,0
C100799,SMB,16,84.93,2,2,29.5,18,0
C100800,SMB,11,166.61,2,1,21.0,-9,0
C100801,MidMarket,23,623.63,1,0,28.4,39,0
C100802,MidMarket,31,620.62,0,0,10.1,38,0
C100803,MidMarket,40,806.53,0,3,26.2,24,0
C100804,Enterprise,21,3525.1,2,0,39.5,9,0
C100805,Enterprise,42,2929.56,1,0,71.0,-8,0
C100806,MidMarket,16,590.42,1,1,33.5,2,0
C100807,SMB,18,74.92,2,0,18.4,7,0
C100808,MidMarket,33,518.83,2,3,17.0,33,0
C100809,SMB,29,222.34,0,4,16.9,10,0
C100810,MidMarket,28,393.58,0,2,33.7,18,0
C100811,SMB,28,146.4,3,2,8.1,-1,0
C100812,SMB,17,188.24,4,0,17.4,40,1
C100813,SMB,6,151.56,2,0,10.2,-4,0
C100814,SMB,28,112.13,0,1,25.6,5,0
C100815,SMB,18,107.74,2,0,12.4,31,0
C100816,MidMarket,26,536.05,3,0,39.2,7,0
C100817,MidMarket,22,549.76,1,1,28.8,-1,0
C100818,Enterprise,37,3094.85,1,0,26.8,-1,0
C100819,SMB,11,140.88,5,3,19.8,15,0
C100820,SMB,12,150.83,2,1,16.8,22,0
C100821,MidMarket,17,423.42,1,0,16.1,-3,0
C100822,SMB,18,225.51,1,2,34.6,34,0
C100823,SMB,17,121.55,3,1,35.5,7,0
C100824,SMB,19,201.83,4,2,39.3,11,0
C100825,SMB,26,212.6,2,3,18.4,-3,1
C100826,SMB,28,157.23,0,1,20.6,45,0
C100827,Enterprise,19,2593.09,0,0,41.7,17,0
C100828,MidMarket,23,695.24,1,1,33.0,30,0
C100829,MidMarket,33,617.26,0,1,37.1,6,0
C100830,MidMarket,41,558.28,0,0,36.8,8,0
C100831,SMB,21,171.37,0,2,15.4,31,0
C100832,MidMarket,13,727.28,0,1,28.7,31,0
C100833,SMB,18,123.3,2,2,16.1,31,0
C100834,MidMarket,22,325.5,2,1,37.5,23,0
C100835,SMB,13,220.11,2,1,47.0,40,0
C100836,SMB,15,135.46,2,2,33.8,1,0
C100837,SMB,20,178.19,1,0,27.4,31,0
C100838,MidMarket,12,474.28,0,0,27.0,14,0
C100839,SMB,17,191.3,3,2,20.6,-2,0
C100840,SMB,16,182.66,2,4,15.0,20,0
C100841,SMB,15,131.67,1,0,43.0,-13,0
C100842,SMB,11,98.98,2,2,24.0,26,0
C100843,MidMarket,28,601.1,3,2,30.6,-10,0
C100844,SMB,19,137.81,2,2,24.1,5,0
C100845,SMB,15,108.82,0,4,31.1,32,0
C100846,MidMarket,20,389.12,0,1,37.7,38,0
C100847,SMB,14,241.45,3,2,10.5,11,1
C100848,SMB,20,147.78,0,3,9.1,49,0
C100849,MidMarket,33,416.03,1,2,30.5,10,0
C100850,SMB,8,182.36,3,1,13.1,22,0
C100851,SMB,21,90.41,2,1,39.0,15,0
C100852,SMB,6,167.87,2,3,31.3,40,0
C100853,SMB,14,177.42,3,0,30.3,72,1
C100854,SMB,23,154.19,3,3,6.4,-37,0
C100855,SMB,11,152.56,2,2,14.8,-17,0
C100856,Enterprise,16,2693.17,2,1,61.0,18,0
C100857,MidMarket,31,1023.12,1,0,25.5,17,0
C100858,SMB,29,189.19,2,2,1.8,20,0
C100859,SMB,27,134.83,2,2,37.6,47,0
C100860,SMB,20,174.27,2,3,24.2,17,0
C100861,MidMarket,31,496.73,0,0,48.8,30,0
C100862,MidMarket,18,338.39,0,0,26.0,17,0
C100863,MidMarket,11,644.12,0,2,20.9,32,0
C100864,SMB,22,99.33,2,0,27.2,22,0
C100865,SMB,21,139.41,4,2,10.8,-4,1
C100866,MidMarket,23,628.98,1,2,37.2,32,0
C100867,SMB,11,134.07,0,2,17.7,26,0
C100868,SMB,23,252.92,3,2,27.0,-19,0
C100869,SMB,14,92.76,2,2,19.5,24,0
C100870,Enterprise,29,3061.43,0,1,52.2,6,0
C100871,SMB,14,137.6,1,1,20.8,24,0
C100872,SMB,18,109.53,3,3,0.0,8,0
C100873,MidMarket,44,584.53,1,1,24.0,25,0
C100874,SMB,20,107.89,1,2,22.6,36,0
C100875,SMB,13,137.69,2,1,27.7,16,1
C100876,SMB,23,64.36,0,3,3.8,30,0
C100877,SMB,17,111.91,2,3,7.3,-1,0
C100878,SMB,22,162.8,1,1,25.2,15,1
C100879,SMB,15,96.58,1,0,24.9,23,0
C100880,SMB,19,124.85,2,2,31.5,19,0
C100881,SMB,27,182.77,3,1,16.2,20,0
C100882,SMB,17,187.77,2,1,23.0,23,0
C100883,MidMarket,16,458.2,0,3,28.3,8,0
C100884,MidMarket,30,462.53,1,0,47.5,24,0
C100885,MidMarket,34,588.72,1,0,46.5,45,0
C100886,MidMarket,12,542.86,0,1,26.5,32,0
C100887,Enterprise,38,3261.14,0,0,60.4,25,0
C100888,SMB,22,158.51,1,1,27.4,40,0
C100889,SMB,18,145.17,1,2,7.6,22,0
C100890,SMB,20,72.47,4,0,5.7,-18,1
C100891,MidMarket,27,659.76,0,1,29.5,-1,0
C100892,SMB,15,136.29,1,0,16.2,46,0
C100893,MidMarket,35,401.19,1,0,39.6,24,0
C100894,SMB,5,137.06,1,0,27.3,1,0
C100895,SMB,25,156.4,4,3,14.2,37,0
C100896,Enterprise,35,2309.59,0,0,66.7,16,0
C100897,SMB,17,195.75,0,2,20.5,-4,0
C100898,MidMarket,29,472.87,0,0,39.8,34,0
C100899,SMB,20,111.48,3,0,45.3,20,0
C100900,MidMarket,18,577.04,1,1,45.5,35,0
C100901,Enterprise,18,2619.82,0,0,52.7,-24,0
C100902,MidMarket,31,575.04,1,0,39.5,31,0
C100903,SMB,26,196.23,4,1,17.3,33,0
C100904,SMB,22,164.4,1,2,28.2,34,0
C100905,MidMarket,22,721.13,1,2,30.3,20,0
C100906,SMB,14,172.71,3,1,14.9,34,0
C100907,Enterprise,37,2435.12,3,0,42.7,9,0
C100908,MidMarket,36,769.64,0,0,26.3,24,0
C100909,MidMarket,29,440.73,2,0,46.5,19,1
C100910,MidMarket,14,604.24,1,0,35.0,-14,0
C100911,SMB,30,167.07,0,2,18.3,20,0
C100912,SMB,14,150.54,1,0,22.5,24,1
C100913,SMB,18,202.07,1,4,25.0,37,0
C100914,MidMarket,29,936.36,1,1,39.0,27,0
C100915,SMB,8,116.6,1,2,35.5,34,1
C100916,SMB,18,135.2,1,1,20.7,46,0
C100917,MidMarket,18,468.33,0,3,32.2,18,0
C100918,MidMarket,20,449.09,0,0,27.6,-8,0
C100919,MidMarket,14,378.21,0,2,33.0,-10,0
C100920,SMB,13,187.57,1,1,7.9,35,0
C100921,MidMarket,24,560.03,1,1,34.8,19,0
C100922,MidMarket,19,649.59,0,0,29.3,21,0
C100923,MidMarket,26,645.61,1,1,49.3,6,0
C100924,MidMarket,28,555.61,1,1,33.7,-35,0
C100925,SMB,15,120.19,2,3,16.1,17,1
C100926,Enterprise,49,2719.24,0,1,69.6,35,0
C100927,SMB,16,171.52,4,1,7.9,-8,0
C100928,MidMarket,14,642.06,3,1,31.7,15,0
C100929,Enterprise,21,3394.9,3,0,60.6,23,0
C100930,SMB,12,106.33,3,3,22.3,6,0
C100931,MidMarket,30,516.59,1,2,44.4,-5,0
C100932,Enterprise,56,2504.24,1,0,28.1,12,0
C100933,MidMarket,24,543.4,1,2,50.4,-10,0
C100934,MidMarket,11,570.45,0,1,34.5,-3,0
C100935,MidMarket,25,518.38,1,0,35.1,-7,0
C100936,MidMarket,16,447.05,3,1,40.6,-7,0
C100937,Enterprise,15,3938.8,1,0,53.1,14,0
C100938,MidMarket,23,421.72,1,1,28.1,-1,0
C100939,SMB,13,265.01,3,3,26.7,15,0
C100940,SMB,28,141.08,2,1,24.2,7,1
C100941,SMB,27,265.73,2,2,23.7,32,0
C100942,Enterprise,49,2276.08,1,1,51.2,-12,0
C100943,MidMarket,29,581.49,0,0,48.8,27,0
C100944,MidMarket,26,653.53,1,1,45.0,0,1
C100945,MidMarket,27,663.67,2,0,27.2,22,0
C100946,MidMarket,20,649.83,0,0,29.5,42,0
C100947,SMB,17,112.87,2,2,19.1,-3,1
C100948,MidMarket,33,419.76,2,4,21.4,20,0
C100949,SMB,18,127.13,1,0,11.0,36,0
C100950,Enterprise,36,1520.88,0,0,25.8,18,0
C100951,SMB,16,132.24,2,2,14.9,12,0
C100952,SMB,22,232.99,2,1,22.4,-20,0
C100953,SMB,27,94.54,1,1,18.5,38,0
C100954,MidMarket,37,764.72,0,0,33.7,61,0
C100955,Enterprise,32,2516.44,4,0,54.7,49,0
C100956,MidMarket,21,249.12,0,1,33.4,56,0
C100957,SMB,23,123.27,3,1,9.0,-9,0
C100958,SMB,16,134.47,1,0,12.5,23,0
C100959,SMB,10,115.27,1,4,33.4,61,0
C100960,MidMarket,34,387.42,1,3,36.0,20,0
C100961,MidMarket,23,653.65,0,0,54.4,17,0
C100962,MidMarket,18,628.51,1,0,14.2,-1,0
C100963,MidMarket,22,539.47,0,0,46.0,3,0
C100964,SMB,20,133.56,5,0,26.3,13,1
C100965,SMB,11,149.78,2,0,24.0,22,0
C100966,SMB,24,205.83,3,3,22.2,15,1
C100967,SMB,12,125.08,0,0,15.5,22,0
C100968,MidMarket,7,713.4,2,0,43.9,5,0
C100969,MidMarket,22,480.28,1,2,32.6,8,0
C100970,SMB,13,177.93,3,1,36.9,31,0
C100971,MidMarket,41,514.35,1,0,35.7,36,0
C100972,MidMarket,13,599.92,2,0,23.9,37,0
C100973,SMB,19,172.3,2,1,23.9,5,0
C100974,SMB,25,125.35,0,0,34.7,28,0
C100975,Enterprise,39,2644.95,1,0,56.5,19,0
C100976,MidMarket,19,461.31,0,1,48.0,30,0
C100977,SMB,23,111.24,1,1,28.8,26,0
C100978,MidMarket,26,658.6,1,1,44.0,45,0
C100979,MidMarket,27,804.23,1,2,30.8,31,1
C100980,SMB,15,114.66,1,2,30.3,17,0
C100981,SMB,16,148.6,1,2,31.0,12,0
C100982,Enterprise,49,3331.61,0,0,51.6,19,0
C100983,MidMarket,29,693.32,0,0,33.8,9,0
C100984,MidMarket,24,602.45,0,1,20.3,48,0
C100985,SMB,17,131.04,3,4,24.9,13,0
C100986,SMB,20,140.27,1,2,26.4,32,0
C100987,Enterprise,30,2781.67,1,1,22.5,25,0
C100988,SMB,22,167.27,4,3,5.2,-5,1
C100989,MidMarket,23,577.85,1,0,42.7,2,0
C100990,SMB,23,216.71,2,1,20.4,1,1
C100991,MidMarket,23,532.54,0,1,21.5,-1,0
C100992,SMB,14,101.86,3,0,21.2,31,0
C100993,Enterprise,27,2513.27,2,0,38.0,3,0
C100994,SMB,8,104.99,4,1,40.0,7,1
C100995,SMB,19,197.01,2,2,29.4,46,0
C100996,SMB,30,96.05,1,1,3.1,23,0
C100997,MidMarket,20,785.53,0,0,46.4,37,0
C100998,MidMarket,13,579.68,2,0,27.4,4,0
C100999,MidMarket,5,587.37,0,0,32.6,-1,0
C101000,SMB,13,57.1,3,3,12.4,23,0
C101001,SMB,23,226.07,4,1,16.5,26,0
C101002,MidMarket,7,742.7,0,1,40.3,15,0
C101003,Enterprise,8,3395.26,2,0,39.5,0,0
C101004,SMB,25,217.75,2,1,29.5,10,0
C101005,SMB,16,98.73,2,1,27.8,36,0
C101006,SMB,15,103.52,2,1,27.3,36,0
C101007,SMB,29,212.48,5,1,10.9,24,0
C101008,SMB,13,225.17,5,2,27.2,-11,0
C101009,MidMarket,12,453.2,1,0,49.5,43,0
C101010,SMB,17,93.12,2,1,15.5,49,0
C101011,Enterprise,34,2775.81,2,0,54.3,50,0
C101012,SMB,16,182.29,3,2,11.8,19,0
C101013,MidMarket,24,582.43,2,0,26.4,28,0
C101014,MidMarket,26,648.7,1,1,29.1,5,0
C101015,SMB,17,135.96,0,3,29.5,27,0
C101016,SMB,24,109.92,0,2,14.9,12,0
C101017,SMB,16,186.92,0,1,28.8,33,0
C101018,Enterprise,26,2805.76,1,0,77.9,59,0
C101019,SMB,19,158.34,1,1,42.3,30,0
C101020,Enterprise,33,2506.12,3,1,48.3,19,0
C101021,SMB,13,134.8,2,0,29.5,24,0
C101022,MidMarket,26,506.49,1,3,43.8,2,0
C101023,SMB,20,222.07,5,2,22.4,1,0
C101024,SMB,18,162.23,1,0,15.6,5,0
C101025,MidMarket,19,488.25,1,0,49.2,51,0
C101026,Enterprise,18,3541.07,0,0,25.3,-11,0
C101027,SMB,19,167.84,2,2,18.5,2,0
C101028,MidMarket,24,520.98,0,0,18.4,54,0
C101029,SMB,20,103.35,1,3,15.0,18,0
C101030,SMB,27,102.75,3,1,30.4,-2,0
C101031,Enterprise,24,3701.02,1,0,66.5,5,0
C101032,Enterprise,45,3790.23,2,1,62.8,-17,0
C101033,Enterprise,66,1992.26,1,0,37.1,0,0
C101034,Enterprise,24,3825.5,4,1,57.6,-4,0
C101035,Enterprise,34,3961.13,0,0,24.2,29,0
C101036,MidMarket,24,761.13,1,1,65.5,41,0
C101037,SMB,11,121.07,2,0,30.2,25,0
C101038,SMB,25,114.22,1,1,12.7,26,0
C101039,SMB,30,111.82,3,0,31.1,1,0
C101040,SMB,14,156.04,2,2,26.0,28,0
C101041,MidMarket,25,488.62,1,2,23.7,-3,0
C101042,Enterprise,33,2762.66,0,0,23.5,17,0
C101043,MidMarket,26,596.77,0,1,52.6,27,0
C101044,MidMarket,15,488.7,2,2,43.9,-2,0
C101045,SMB,22,164.46,3,1,23.8,-2,0
C101046,MidMarket,24,516.95,3,2,39.6,4,0
C101047,SMB,25,187.55,1,1,36.5,18,0
C101048,MidMarket,27,641.14,0,0,21.4,27,0
C101049,MidMarket,24,732.06,0,0,33.1,31,0
C101050,SMB,29,169.64,2,1,31.1,15,0
C101051,SMB,15,205.2,2,1,19.9,21,0
C101052,MidMarket,26,738.35,0,0,32.4,2,0
C101053,MidMarket,34,484.8,2,1,27.1,29,0
C101054,MidMarket,36,744.54,1,1,38.4,22,0
C101055,SMB,7,180.74,5,1,17.7,44,0
C101056,MidMarket,23,560.73,2,0,37.2,25,0
C101057,SMB,21,182.79,4,0,12.4,36,0
C101058,SMB,29,167.8,1,1,44.3,5,0
C101059,SMB,19,95.05,2,1,36.5,11,0
C101060,SMB,19,57.72,1,4,5.2,-7,1
C101061,SMB,15,137.62,2,0,33.8,20,0
C101062,SMB,8,203.95,1,1,37.1,-5,0
C101063,Enterprise,30,3026.14,0,0,79.9,-7,0
C101064,MidMarket,19,549.97,0,0,32.2,46,0
C101065,MidMarket,13,504.72,1,1,34.1,20,0
C101066,SMB,18,110.13,2,3,23.7,33,0
C101067,SMB,25,178.54,3,4,27.3,18,0
C101068,SMB,17,255.13,2,0,43.1,20,0
C101069,Enterprise,27,2860.08,2,1,47.4,37,0
C101070,Enterprise,26,2733.92,2,0,41.9,6,0
C101071,Enterprise,20,2280.13,0,1,52.5,22,0
C101072,MidMarket,24,914.55,1,0,39.1,-1,0
C101073,MidMarket,15,629.56,0,0,36.0,-7,0
C101074,MidMarket,40,494.24,0,4,43.5,33,0
C101075,SMB,16,89.46,1,1,31.6,7,0
C101076,MidMarket,38,574.58,2,4,44.5,8,0
C101077,SMB,14,188.06,4,1,17.7,13,1
C101078,SMB,18,144.99,2,1,28.5,30,0
C101079,SMB,10,176.96,3,2,6.7,6,0
C101080,SMB,16,138.19,2,1,0.0,27,0
C101081,SMB,10,73.53,1,4,28.9,36,0
C101082,SMB,12,232.06,1,1,16.3,-8,0
C101083,SMB,15,163.62,1,2,20.7,26,1
C101084,SMB,17,156.41,2,2,16.6,16,0
C101085,Enterprise,36,2032.03,0,0,30.7,6,0
C101086,SMB,26,121.67,2,0,23.1,34,0
C101087,SMB,25,156.46,0,0,33.9,28,0
C101088,SMB,16,93.67,4,0,29.5,52,0
C101089,Enterprise,10,2948.14,1,0,43.5,49,0
C101090,SMB,13,174.78,4,0,13.7,42,0
C101091,MidMarket,37,637.76,0,1,32.9,5,0
C101092,Enterprise,35,3533.87,0,0,73.5,43,0
C101093,MidMarket,35,531.02,0,1,49.8,42,0
C101094,SMB,17,158.66,3,0,44.3,41,0
C101095,SMB,26,147.16,0,6,0.0,20,0
C101096,MidMarket,31,478.91,1,0,39.6,32,0
C101097,SMB,15,156.45,4,3,22.0,11,0
C101098,MidMarket,18,753.8,0,3,24.3,11,0
C101099,SMB,14,168.95,1,0,7.7,63,0
C101100,SMB,31,158.22,6,3,12.1,-4,1
C101101,SMB,20,203.56,4,0,20.8,11,0
C101102,MidMarket,32,320.51,2,1,35.3,18,0
C101103,Enterprise,35,2985.37,1,0,22.9,25,0
C101104,SMB,22,144.68,3,1,30.3,30,0
C101105,MidMarket,23,363.46,0,0,14.8,3,0
C101106,MidMarket,35,639.52,0,0,27.2,22,0
C101107,SMB,20,157.91,1,2,17.5,9,0
C101108,Enterprise,41,3232.88,0,1,29.8,-5,0
C101109,SMB,8,166.36,3,1,25.4,-9,0
C101110,MidMarket,11,692.6,0,2,22.1,15,0
C101111,SMB,21,136.91,2,2,14.4,20,0
C101112,MidMarket,29,633.75,1,2,39.2,18,0
C101113,MidMarket,29,494.02,1,0,55.6,-16,0
C101114,MidMarket,1,514.31,1,2,37.2,41,0
C101115,MidMarket,31,569.37,0,0,44.0,18,0
C101116,MidMarket,16,625.63,0,0,25.7,22,0
C101117,MidMarket,35,778.51,1,0,45.4,-10,0
C101118,SMB,24,124.38,1,0,29.7,53,0
C101119,SMB,15,153.56,2,2,23.8,3,0
C101120,MidMarket,29,563.62,0,1,40.1,67,0
C101121,MidMarket,26,684.8,0,0,57.7,36,0
C101122,SMB,18,159.16,3,1,16.5,27,0
C101123,SMB,16,186.91,1,0,27.4,53,0
C101124,MidMarket,14,878.76,1,0,45.6,26,0
C101125,SMB,18,85.3,3,1,19.2,21,0
C101126,SMB,16,111.47,2,0,15.1,44,0
C101127,MidMarket,23,575.51,0,2,39.0,51,0
C101128,SMB,13,91.47,3,2,35.0,13,1
C101129,SMB,19,147.27,2,1,32.7,12,0
C101130,Enterprise,32,2354.03,1,0,61.7,25,0
C101131,SMB,10,117.35,1,0,22.9,17,0
C101132,SMB,22,120.43,0,1,24.7,14,0
C101133,SMB,17,161.46,4,0,35.1,1,1
C101134,SMB,14,168.96,2,0,10.8,41,0
C101135,MidMarket,35,512.43,2,1,26.8,8,0
C101136,SMB,15,161.47,2,2,21.0,36,0
C101137,MidMarket,33,527.08,2,0,30.5,4,0
C101138,SMB,19,170.0,0,1,8.6,44,0
C101139,SMB,24,105.45,0,2,6.1,0,0
C101140,MidMarket,27,841.3,2,1,22.4,32,0
C101141,SMB,25,144.7,0,3,10.2,11,0
C101142,Enterprise,26,2164.67,2,0,29.7,2,0
C101143,MidMarket,23,531.91,2,0,37.5,5,0
C101144,SMB,7,211.84,1,1,30.9,42,0
C101145,SMB,19,203.36,3,0,21.0,27,0
C101146,SMB,6,138.18,3,1,25.6,-14,0
C101147,MidMarket,22,474.57,0,0,25.0,46,0
C101148,Enterprise,32,3308.75,0,0,50.0,46,0
C101149,MidMarket,31,586.48,0,2,14.9,-5,0
C101150,MidMarket,32,590.64,0,2,37.4,8,0
C101151,SMB,23,200.68,4,3,10.7,14,0
C101152,SMB,16,204.15,6,0,25.8,9,0
C101153,SMB,15,170.65,4,2,27.0,32,1
C101154,MidMarket,34,188.56,0,1,34.6,13,0
C101155,MidMarket,18,695.8,0,0,40.7,30,0
C101156,MidMarket,17,614.81,1,1,29.1,15,1
C101157,SMB,17,167.96,1,0,38.2,37,0
C101158,SMB,15,167.03,4,2,40.2,29,0
C101159,SMB,12,110.09,2,5,23.7,24,1
C101160,MidMarket,19,533.63,2,0,47.8,47,0
C101161,MidMarket,33,660.22,2,0,27.7,36,0
C101162,MidMarket,12,809.13,2,1,44.7,38,0
C101163,SMB,9,188.29,1,2,26.7,26,0
C101164,SMB,13,140.96,0,2,43.2,31,0
C101165,SMB,8,171.8,1,1,38.8,9,0
C101166,SMB,22,187.6,3,2,17.7,10,0
C101167,MidMarket,19,683.36,2,1,20.4,27,0
C101168,MidMarket,19,796.74,3,0,35.6,-1,0
C101169,MidMarket,19,651.9,1,0,30.7,33,0
C101170,SMB,19,123.07,2,0,27.1,53,0
C101171,SMB,16,95.77,1,1,45.1,10,0
C101172,MidMarket,10,727.99,0,0,0.0,21,0
C101173,SMB,28,206.97,2,1,36.6,36,0
C101174,SMB,24,202.62,1,3,23.1,26,0
C101175,MidMarket,17,646.61,0,3,57.9,30,0
C101176,SMB,29,112.24,2,0,14.1,13,0
C101177,Enterprise,40,2528.14,0,1,51.0,11,0
C101178,SMB,20,82.97,1,2,34.7,14,0
C101179,SMB,8,178.07,2,2,11.8,47,0
C101180,SMB,28,118.65,2,0,34.2,23,0
C101181,SMB,22,200.95,0,0,31.6,35,0
C101182,SMB,17,161.71,1,2,13.6,18,0
C101183,MidMarket,19,619.78,0,2,66.8,25,0
C101184,SMB,14,146.27,7,0,10.5,33,1
C101185,SMB,16,116.26,3,3,17.9,-35,1
C101186,SMB,8,186.79,4,0,17.3,-6,0
C101187,Enterprise,39,1611.67,1,0,44.5,23,0
C101188,SMB,14,158.46,3,0,34.7,26,0
C101189,SMB,12,174.2,2,1,21.0,9,0
C101190,SMB,14,132.62,0,0,35.9,26,0
C101191,MidMarket,31,466.19,0,0,24.6,14,1
C101192,SMB,19,149.43,2,0,31.1,20,1
C101193,SMB,22,120.44,2,1,8.0,6,1
C101194,SMB,15,119.99,0,1,17.5,29,0
C101195,MidMarket,18,561.49,1,0,41.1,44,0
C101196,SMB,16,238.74,5,0,19.2,-10,1
C101197,MidMarket,14,532.72,0,1,50.8,6,0
C101198,SMB,17,155.57,2,0,32.1,30,0
C101199,MidMarket,26,544.73,1,1,38.7,33,0
C101200,SMB,13,191.43,1,5,12.9,42,1
C101201,SMB,12,194.17,2,2,14.3,22,0
C101202,SMB,19,256.43,1,1,15.6,-7,1
C101203,SMB,13,119.76,3,0,18.5,-3,0
C101204,MidMarket,24,671.75,4,1,22.7,32,0
C101205,SMB,15,210.07,0,2,22.9,22,1
C101206,SMB,19,180.68,1,2,21.1,27,0
C101207,SMB,13,189.23,2,0,24.4,30,0
C101208,SMB,8,143.72,1,1,17.2,46,0
C101209,Enterprise,33,4113.26,2,1,22.4,-4,0
C101210,Enterprise,19,2516.63,1,0,43.6,9,0
C101211,MidMarket,23,654.7,0,1,22.4,14,0
C101212,Enterprise,29,2811.32,2,0,39.1,55,0
C101213,SMB,10,135.84,3,1,4.1,5,0
C101214,SMB,12,149.16,2,3,5.2,34,0
C101215,SMB,22,207.59,0,1,25.7,28,0
C101216,SMB,12,163.05,3,0,32.3,24,0
C101217,SMB,19,130.5,2,0,9.2,-5,0
C101218,Enterprise,33,2643.26,2,0,40.9,41,0
C101219,SMB,16,92.11,1,1,21.7,23,1
C101220,SMB,21,75.73,3,1,31.8,5,0
C101221,SMB,27,189.86,3,0,36.9,14,0
C101222,MidMarket,29,497.48,2,1,27.3,23,0
C101223,SMB,21,134.62,2,1,18.0,34,0
C101224,SMB,26,167.54,1,3,26.0,-13,0
C101225,SMB,25,160.44,1,1,17.8,30,0
C101226,SMB,27,92.93,4,1,8.9,20,0
C101227,Enterprise,40,3092.09,1,1,46.4,28,0
C101228,SMB,16,204.57,5,0,21.6,19,0
C101229,SMB,14,147.08,1,1,43.5,-9,0
C101230,MidMarket,38,471.59,2,0,35.0,29,0
C101231,SMB,10,142.96,2,3,24.6,-10,0
C101232,MidMarket,33,394.8,1,1,33.2,63,0
C101233,SMB,16,142.78,3,0,41.5,6,0
C101234,MidMarket,26,495.22,1,1,32.8,43,0
C101235,SMB,13,198.26,4,2,12.7,14,1
C101236,MidMarket,15,679.06,1,0,29.7,36,0
C101237,SMB,23,213.09,1,0,29.1,27,0
C101238,SMB,24,211.13,2,3,10.3,43,0
C101239,SMB,20,168.35,0,1,19.5,11,0
C101240,Enterprise,54,3593.94,1,1,60.3,31,0
C101241,SMB,26,191.52,2,1,24.9,20,0
C101242,MidMarket,28,716.1,0,1,50.4,29,0
C101243,MidMarket,26,601.99,0,1,57.4,21,0
C101244,MidMarket,23,590.48,0,1,28.8,4,0
C101245,SMB,7,143.08,2,4,25.4,22,1
C101246,Enterprise,10,2883.98,0,0,56.1,64,0
C101247,MidMarket,31,614.66,0,0,26.5,35,0
C101248,MidMarket,17,610.56,1,3,54.1,30,1
C101249,MidMarket,15,496.56,2,3,12.9,24,1
C101250,SMB,10,203.15,0,0,37.1,-5,1
C101251,SMB,13,173.23,0,0,13.2,23,0
C101252,MidMarket,33,525.57,0,1,36.6,36,0
C101253,SMB,15,134.92,0,1,27.9,13,0
C101254,MidMarket,18,560.53,0,4,31.6,10,0
C101255,SMB,12,181.73,1,2,22.3,18,0
C101256,SMB,27,237.77,2,2,17.2,37,1
C101257,MidMarket,11,573.83,0,0,50.6,18,0
C101258,SMB,22,89.56,2,1,3.6,-8,0
C101259,SMB,9,194.73,1,0,26.6,70,0
C101260,SMB,6,176.31,1,0,17.8,21,0
C101261,SMB,18,185.92,1,3,21.8,2,0
C101262,MidMarket,20,652.49,3,2,16.5,11,0
C101263,Enterprise,36,3772.34,4,1,47.7,27,0
C101264,SMB,21,207.56,2,1,22.5,24,0
C101265,MidMarket,14,577.39,2,1,43.0,3,0
C101266,MidMarket,7,559.15,1,1,22.5,31,1
C101267,SMB,17,209.36,1,0,10.5,25,0
C101268,MidMarket,31,621.71,1,1,41.4,22,0
C101269,MidMarket,24,613.91,0,2,33.2,29,0
C101270,SMB,15,133.98,0,0,52.9,22,0
C101271,Enterprise,41,4043.25,2,1,62.5,6,0
C101272,SMB,7,120.24,1,1,17.1,17,0
C101273,SMB,5,163.08,2,1,0.0,54,0
C101274,MidMarket,38,582.13,2,0,9.3,36,0
C101275,SMB,12,125.61,2,2,28.5,31,1
C101276,MidMarket,21,387.46,2,0,38.8,49,0
C101277,SMB,29,152.34,2,2,46.8,53,0
C101278,MidMarket,33,537.38,1,1,36.1,23,1
C101279,SMB,24,184.63,3,2,27.6,-13,0
C101280,SMB,19,127.57,2,0,11.7,6,0
C101281,SMB,23,169.29,0,2,16.5,16,0
C101282,SMB,13,100.55,2,2,8.6,-4,0
C101283,Enterprise,26,2882.6,0,0,36.4,13,0
C101284,MidMarket,23,792.53,0,2,25.7,26,0
C101285,SMB,26,182.03,4,0,30.0,-4,0
C101286,SMB,22,171.71,4,2,17.3,25,1
C101287,MidMarket,17,624.43,2,1,24.5,16,0
C101288,MidMarket,39,782.35,1,1,21.1,38,0
C101289,SMB,28,196.3,4,2,24.8,23,0
C101290,Enterprise,48,3531.31,3,0,48.1,15,0
C101291,SMB,12,123.15,2,1,32.9,18,0
C101292,MidMarket,24,636.36,0,0,27.1,-12,0
C101293,SMB,8,215.54,1,1,24.9,26,0
C101294,SMB,9,137.58,3,3,23.8,12,0
C101295,SMB,22,130.54,2,3,0.6,12,1
C101296,SMB,21,203.71,6,0,18.0,6,1
C101297,SMB,20,132.08,1,2,27.3,-13,0
C101298,MidMarket,28,608.34,1,2,33.3,26,0
C101299,MidMarket,28,423.04,1,1,47.6,15,0
C101300,SMB,24,150.11,1,1,25.3,27,0
C101301,SMB,11,196.92,1,2,24.0,8,0
C101302,MidMarket,32,737.92,1,2,48.6,-11,0
C101303,SMB,12,101.59,1,1,37.4,3,0
C101304,MidMarket,22,633.97,0,1,29.5,45,0
C101305,MidMarket,27,654.7,0,0,27.7,49,0
C101306,SMB,15,58.19,2,2,21.8,28,0
C101307,SMB,17,147.61,2,1,18.7,5,0
C101308,SMB,22,137.21,2,2,16.4,-12,0
C101309,MidMarket,26,763.7,1,1,42.2,52,0
C101310,SMB,22,238.32,1,0,31.2,43,0
C101311,SMB,17,102.75,2,2,7.4,21,1
C101312,SMB,13,135.67,3,0,13.8,20,0
C101313,SMB,11,193.13,0,0,22.8,59,0
C101314,MidMarket,23,540.18,0,0,21.7,21,0
C101315,SMB,21,180.28,3,1,12.7,8,0
C101316,MidMarket,14,637.39,1,0,23.7,57,0
C101317,SMB,16,129.53,4,0,9.7,-12,1
C101318,MidMarket,33,605.38,2,0,32.7,34,0
C101319,MidMarket,32,400.75,0,1,27.7,38,0
C101320,SMB,18,128.99,2,1,22.2,23,0
C101321,MidMarket,28,771.99,0,1,32.4,23,0
C101322,SMB,12,99.01,1,0,1.7,27,0
C101323,SMB,20,141.44,3,1,39.6,16,0
C101324,MidMarket,22,800.45,4,1,51.8,31,0
C101325,SMB,21,197.62,1,1,37.6,9,0
C101326,SMB,18,160.21,3,1,4.9,12,0
C101327,SMB,23,153.29,2,1,9.2,39,0
C101328,MidMarket,23,447.26,0,0,40.3,16,0
C101329,SMB,26,160.04,3,2,11.8,31,1
C101330,SMB,15,82.58,1,3,30.0,28,0
C101331,MidMarket,26,652.43,1,0,36.2,11,0
C101332,SMB,16,110.33,0,2,16.9,29,0
C101333,MidMarket,24,391.24,1,2,16.8,9,0
C101334,MidMarket,29,507.31,0,0,35.6,-12,0
C101335,MidMarket,20,673.35,1,1,44.7,16,0
C101336,SMB,19,188.83,5,1,15.5,1,1
C101337,SMB,25,135.1,1,0,31.3,15,0
C101338,SMB,16,153.04,4,1,12.2,13,0
C101339,MidMarket,22,663.75,2,2,13.1,53,0
C101340,SMB,2,75.58,0,1,13.6,-13,0
C101341,MidMarket,18,534.4,1,4,29.2,8,0
C101342,Enterprise,21,3307.94,0,0,42.2,17,0
C101343,Enterprise,21,2869.3,1,0,73.3,36,0
C101344,MidMarket,4,510.57,0,2,52.1,34,0
C101345,MidMarket,26,587.2,3,1,21.0,27,0
C101346,SMB,20,140.16,5,4,41.4,-16,0
C101347,SMB,26,145.43,2,2,17.6,30,0
C101348,MidMarket,34,470.52,0,1,27.7,17,0
C101349,SMB,17,167.64,4,1,17.0,28,0
C101350,SMB,18,224.7,1,0,34.5,24,0
C101351,SMB,19,197.39,2,3,36.4,-2,0
C101352,SMB,21,121.15,1,1,43.8,17,0
C101353,SMB,21,158.75,5,1,24.1,-8,0
C101354,SMB,14,121.87,0,0,14.6,22,0
C101355,MidMarket,34,585.72,0,4,31.7,22,0
C101356,Enterprise,20,3226.78,0,0,48.1,40,0
C101357,SMB,26,251.22,0,1,0.0,29,1
C101358,Enterprise,30,3495.36,1,2,51.1,12,0
C101359,SMB,16,182.0,0,0,13.2,28,0
C101360,MidMarket,26,592.35,1,1,21.3,19,0
C101361,SMB,24,186.29,2,0,18.4,6,0
C101362,SMB,19,203.93,2,2,21.8,35,0
C101363,SMB,18,169.42,2,0,6.7,36,0
C101364,MidMarket,37,814.37,0,3,46.0,-1,0
C101365,SMB,21,96.12,4,3,23.0,21,0
C101366,SMB,24,102.0,3,2,11.6,24,0
C101367,Enterprise,32,2793.3,1,0,18.3,-12,0
C101368,SMB,16,160.05,2,0,20.8,45,0
C101369,Enterprise,27,2624.38,0,0,55.6,16,0
C101370,MidMarket,14,630.88,1,0,25.0,9,0
C101371,SMB,21,202.59,0,2,23.1,32,1
C101372,SMB,15,161.4,2,0,39.7,20,0
C101373,SMB,27,173.44,0,0,17.2,48,0
C101374,SMB,12,90.23,1,0,21.3,19,0
C101375,SMB,18,109.12,2,1,24.1,24,0
C101376,MidMarket,15,668.19,2,2,51.6,11,0
C101377,MidMarket,16,682.48,0,0,13.9,5,0
C101378,SMB,11,160.28,2,1,32.8,22,0
C101379,SMB,11,201.15,0,1,26.6,43,0
C101380,SMB,17,112.69,2,0,7.2,-10,1
C101381,SMB,21,207.23,1,3,27.5,19,1
C101382,Enterprise,19,2911.09,0,0,65.1,35,0
C101383,SMB,26,113.79,2,0,10.0,38,0
C101384,SMB,10,115.36,1,5,20.8,9,0
C101385,MidMarket,26,711.58,0,1,31.3,-4,0
C101386,SMB,30,121.02,1,0,18.2,22,0
C101387,Enterprise,24,4770.73,0,0,51.8,12,0
C101388,MidMarket,31,708.1,0,0,37.1,55,0
C101389,MidMarket,37,739.59,1,0,27.7,32,0
C101390,MidMarket,32,677.57,2,1,35.1,27,0
C101391,SMB,23,138.86,1,1,16.4,29,0
C101392,SMB,18,156.41,2,2,26.7,30,1
C101393,SMB,14,115.26,3,1,22.4,-4,1
C101394,SMB,23,158.52,5,1,16.5,9,0
C101395,MidMarket,15,300.95,0,1,36.6,14,0
C101396,SMB,10,91.74,5,0,30.9,22,0
C101397,MidMarket,28,754.58,2,2,12.3,35,1
C101398,MidMarket,20,479.54,0,1,40.5,1,0
C101399,SMB,26,180.61,3,1,28.0,-1,0
C101400,MidMarket,28,723.52,1,0,29.5,59,0
C101401,SMB,22,244.2,0,1,23.7,8,0
C101402,SMB,23,145.41,2,1,12.9,24,0
C101403,MidMarket,11,622.49,0,3,9.1,23,0
C101404,MidMarket,43,715.51,0,1,37.6,30,1
C101405,MidMarket,31,510.28,0,0,19.9,18,0
C101406,MidMarket,27,588.81,1,1,43.6,54,0
C101407,SMB,12,131.28,2,0,21.0,24,0
C101408,SMB,16,146.54,0,3,10.8,34,0
C101409,SMB,22,115.99,5,2,23.7,26,1
C101410,SMB,27,155.92,1,1,30.4,31,0
C101411,SMB,16,101.51,3,0,24.6,36,0
C101412,SMB,13,175.44,2,0,31.2,30,0
C101413,MidMarket,27,614.17,3,0,40.1,25,0
C101414,SMB,15,155.35,3,3,18.1,51,0
C101415,SMB,17,183.89,0,1,17.2,35,0
C101416,MidMarket,39,633.63,0,0,33.8,51,0
C101417,SMB,22,190.36,2,2,20.5,11,1
C101418,MidMarket,23,596.18,2,0,21.9,-7,0
C101419,SMB,8,130.5,3,1,33.8,42,0
C101420,SMB,14,122.83,4,1,33.0,63,0
C101421,MidMarket,1,614.83,0,0,28.8,12,0
C101422,MidMarket,32,478.6,0,0,36.2,19,0
C101423,SMB,20,136.05,1,1,27.0,22,0
C101424,Enterprise,33,3147.89,0,0,43.2,32,0
C101425,SMB,7,210.3,3,0,8.9,-10,0
C101426,MidMarket,22,707.39,4,0,44.6,-3,0
C101427,SMB,17,142.28,2,1,17.8,17,0
C101428,SMB,18,125.22,2,4,24.4,6,0
C101429,SMB,9,199.47,3,2,38.6,-10,0
C101430,SMB,17,204.12,1,1,24.3,10,0
C101431,SMB,23,158.19,1,1,0.0,-6,1
C101432,MidMarket,21,600.33,2,0,38.0,36,0
C101433,SMB,12,143.06,3,2,25.6,-5,1
C101434,SMB,17,166.46,0,0,33.5,67,0
C101435,Enterprise,37,3001.39,1,0,64.0,43,0
C101436,SMB,23,128.05,3,1,34.4,1,0
C101437,SMB,24,84.76,2,1,11.7,29,0
C101438,MidMarket,21,602.41,0,0,34.4,10,0
C101439,SMB,18,140.79,5,2,3.6,5,1
C101440,Enterprise,30,3086.92,0,0,51.5,40,0
C101441,Enterprise,42,1867.88,1,1,40.8,3,0
C101442,SMB,21,166.64,1,1,35.9,-2,0
C101443,SMB,16,162.48,3,4,17.3,43,1
C101444,MidMarket,20,426.38,1,0,12.9,-27,0
C101445,SMB,12,106.48,3,2,34.9,-14,0
C101446,SMB,19,182.25,0,0,25.8,43,0
C101447,SMB,19,167.43,0,3,33.2,-1,0
C101448,SMB,15,130.42,1,0,26.3,-3,0
C101449,SMB,19,148.21,4,1,19.3,51,1
C101450,MidMarket,27,408.99,2,0,49.3,16,0
C101451,Enterprise,21,3946.22,1,1,50.3,43,0
C101452,SMB,19,138.71,5,1,16.2,33,0
C101453,SMB,11,119.1,1,1,15.9,26,1
C101454,SMB,19,194.48,0,0,9.8,14,0
C101455,MidMarket,19,439.26,1,1,32.0,22,0
C101456,SMB,13,176.02,2,0,0.0,1,0
C101457,MidMarket,20,621.04,2,0,49.2,-12,0
C101458,SMB,15,180.99,1,2,21.4,24,0
C101459,SMB,21,172.26,3,2,18.9,0,0
C101460,SMB,15,169.65,2,2,24.9,46,0
C101461,MidMarket,22,545.66,1,0,55.6,43,0
C101462,SMB,8,130.38,1,4,18.8,36,0
C101463,SMB,12,128.45,1,0,6.9,33,0
C101464,MidMarket,23,635.09,1,1,24.4,4,0
C101465,SMB,19,160.51,2,2,23.3,38,1
C101466,MidMarket,25,813.65,0,1,27.7,24,0
C101467,SMB,14,162.3,5,0,11.9,1,1
C101468,SMB,23,141.27,2,3,14.7,-20,1
C101469,MidMarket,21,616.27,0,0,46.3,48,0
C101470,SMB,27,77.67,1,2,13.1,13,0
C101471,SMB,17,172.22,1,0,25.3,0,0
C101472,SMB,18,210.39,4,1,8.3,-11,0
C101473,MidMarket,20,595.61,2,1,31.8,14,0
C101474,Enterprise,14,3401.7,1,0,41.1,18,0
C101475,Enterprise,17,3643.8,0,0,27.3,52,0
C101476,SMB,22,159.26,3,4,34.8,-25,1
C101477,SMB,15,133.01,5,1,10.8,30,1
C101478,SMB,10,154.7,3,1,16.4,3,1
C101479,SMB,19,96.74,3,0,7.3,40,0
C101480,MidMarket,16,531.45,0,1,45.7,12,0
C101481,MidMarket,32,641.51,0,0,36.4,32,0
C101482,MidMarket,32,586.58,0,2,42.6,-2,0
C101483,SMB,11,152.88,0,1,40.1,0,0
C101484,MidMarket,43,456.77,1,3,53.7,14,0
C101485,MidMarket,30,677.1,1,2,23.5,-6,0
C101486,SMB,19,216.12,2,1,49.1,41,0
C101487,MidMarket,29,566.55,0,2,9.3,45,0
C101488,MidMarket,14,510.6,1,0,31.2,13,0
C101489,MidMarket,11,558.94,2,1,35.2,18,0
C101490,SMB,17,152.02,0,2,24.0,45,0
C101491,SMB,23,191.85,0,1,5.8,16,0
C101492,MidMarket,20,429.45,1,1,30.3,39,0
C101493,SMB,8,179.96,1,2,27.0,27,0
C101494,MidMarket,28,473.29,0,2,18.2,35,0
C101495,MidMarket,15,675.05,2,0,51.9,7,1
C101496,MidMarket,33,658.96,1,0,20.1,-8,1
C101497,MidMarket,33,745.77,1,0,16.7,13,0
C101498,MidMarket,26,717.62,0,2,18.1,34,0
C101499,MidMarket,35,648.67,1,1,24.7,50,0
C101500,SMB,13,175.92,4,2,34.2,18,0
C101501,MidMarket,15,635.59,0,1,17.4,-24,0
C101502,SMB,23,114.68,1,1,28.3,45,0
C101503,SMB,24,138.13,2,1,36.1,47,0
C101504,SMB,13,122.34,2,0,13.5,32,1
C101505,MidMarket,22,775.28,1,2,37.9,-10,0
C101506,SMB,15,40.95,2,3,5.9,12,0
C101507,SMB,17,226.35,1,0,32.5,14,0
C101508,SMB,18,151.38,0,2,27.3,28,0
C101509,MidMarket,26,206.41,1,1,24.5,-6,0
C101510,SMB,15,159.87,5,0,19.0,-4,0
C101511,SMB,27,190.14,2,3,11.5,10,0
C101512,SMB,20,130.73,1,2,41.5,16,0
C101513,MidMarket,34,763.33,1,4,39.6,23,0
C101514,MidMarket,23,435.12,0,0,37.6,50,0
C101515,SMB,7,120.58,4,3,28.6,27,0
C101516,SMB,20,154.81,3,1,1.1,31,0
C101517,Enterprise,19,2948.39,0,0,43.0,2,0
C101518,SMB,18,133.37,3,1,16.8,-15,0
C101519,SMB,31,148.33,0,1,33.4,8,0
C101520,SMB,15,93.47,1,2,16.1,16,0
C101521,SMB,20,85.15,2,2,31.3,12,0
C101522,SMB,36,166.0,1,2,24.8,44,0
C101523,SMB,24,96.85,2,1,32.1,36,0
C101524,SMB,19,91.34,4,0,26.7,8,0
C101525,MidMarket,27,585.88,1,1,28.2,34,0
C101526,SMB,17,128.15,2,0,14.0,41,1
C101527,SMB,23,208.77,2,0,14.3,34,0
C101528,MidMarket,24,646.94,0,0,31.7,54,0
C101529,SMB,19,193.4,2,1,21.3,-2,0
C101530,SMB,13,144.81,2,1,37.7,40,0
C101531,MidMarket,9,709.44,0,1,50.7,58,0
C101532,SMB,26,115.88,3,0,21.1,1,0
C101533,SMB,10,158.65,1,1,10.1,23,0
C101534,SMB,18,171.72,2,1,33.4,-4,0
C101535,MidMarket,17,557.06,0,3,42.7,-24,0
C101536,MidMarket,24,563.44,2,0,29.6,33,0
C101537,SMB,19,150.71,2,2,23.6,35,1
C101538,SMB,22,99.24,4,0,26.3,25,0
C101539,MidMarket,10,831.92,3,0,35.6,51,0
C101540,Enterprise,21,2492.13,2,0,29.8,18,0
C101541,SMB,24,187.17,1,3,16.3,15,0
C101542,SMB,27,99.57,2,1,20.4,-1,0
C101543,SMB,19,164.32,1,0,25.6,51,0
C101544,SMB,24,163.92,1,0,34.1,-21,0
C101545,MidMarket,23,457.86,2,0,43.5,2,0
C101546,MidMarket,31,416.28,0,1,26.7,19,1
C101547,SMB,23,148.9,3,0,16.5,-22,0
C101548,SMB,25,237.65,3,0,13.8,13,1
C101549,SMB,25,168.5,1,4,20.9,-7,0
C101550,SMB,17,178.83,2,2,42.9,35,0
C101551,SMB,34,171.48,0,1,4.6,34,0
C101552,SMB,22,212.6,3,2,18.3,-26,0
C101553,MidMarket,37,395.86,1,1,28.1,33,0
C101554,SMB,10,160.95,1,0,28.4,39,0
C101555,SMB,13,89.29,2,2,30.8,3,1
C101556,MidMarket,23,572.56,1,0,27.6,43,0
C101557,SMB,10,155.55,0,3,18.4,55,0
C101558,SMB,28,150.39,3,1,29.6,23,0
C101559,SMB,22,157.81,5,4,35.4,-30,1
C101560,MidMarket,18,424.22,1,0,29.9,28,0
C101561,SMB,18,74.42,6,2,5.6,-9,0
C101562,MidMarket,40,506.69,0,1,45.5,10,0
C101563,SMB,18,100.27,4,1,29.0,-6,0
C101564,MidMarket,20,452.38,0,0,31.3,24,0
C101565,SMB,14,189.81,0,2,25.2,-5,0
C101566,SMB,28,59.42,1,0,25.6,37,0
C101567,Enterprise,21,2336.2,1,1,48.3,42,0
C101568,MidMarket,29,646.83,0,0,61.0,5,0
C101569,SMB,1,183.76,3,2,16.5,32,0
C101570,SMB,19,160.2,2,1,19.2,6,0
C101571,SMB,30,167.35,1,2,20.0,36,0
C101572,SMB,21,170.01,2,1,29.0,-19,1
C101573,SMB,11,79.37,2,2,25.3,44,0
C101574,SMB,7,160.71,0,1,31.3,34,0
C101575,MidMarket,36,424.4,0,0,41.8,37,0
C101576,MidMarket,33,590.82,1,0,52.3,27,0
C101577,SMB,9,137.76,1,2,36.5,8,0
C101578,SMB,28,171.73,0,1,25.8,1,0
C101579,Enterprise,28,3166.97,1,0,39.9,19,0
C101580,MidMarket,23,510.36,0,0,28.6,17,0
C101581,SMB,11,179.75,1,0,12.4,17,0
C101582,MidMarket,29,675.01,2,1,39.2,34,0
C101583,SMB,21,145.21,1,0,21.8,45,0
C101584,Enterprise,31,2994.63,0,2,26.2,17,0
C101585,SMB,13,112.39,2,1,25.3,8,0
C101586,SMB,28,212.09,5,0,10.5,22,0
C101587,SMB,12,66.81,1,3,30.1,12,0
C101588,SMB,14,192.76,3,1,29.2,17,0
C101589,MidMarket,31,567.43,1,3,40.0,16,0
C101590,SMB,11,145.7,2,1,12.2,13,0
C101591,SMB,20,138.63,1,4,25.4,40,0
C101592,SMB,9,200.48,3,2,11.7,-18,0
C101593,MidMarket,14,648.48,1,0,25.3,13,0
C101594,Enterprise,31,2855.93,1,0,83.7,27,0
C101595,Enterprise,17,2836.14,0,0,23.0,33,0
C101596,SMB,20,198.89,2,2,30.4,-3,0
C101597,MidMarket,24,400.66,0,1,28.9,38,0
C101598,SMB,23,146.94,0,0,32.6,11,0
C101599,SMB,17,207.13,2,3,25.0,34,1
C101600,SMB,11,164.5,6,0,42.7,-5,0
C101601,SMB,27,102.06,0,2,35.3,25,0
C101602,SMB,19,165.62,2,1,24.3,42,0
C101603,MidMarket,34,715.51,1,2,22.9,45,0
C101604,SMB,16,133.32,3,2,31.8,23,0
C101605,Enterprise,41,3421.62,0,0,26.8,36,0
C101606,MidMarket,18,420.09,2,0,41.4,11,0
C101607,MidMarket,34,618.24,2,1,32.9,25,0
C101608,SMB,21,206.94,0,1,13.4,23,0
C101609,SMB,22,200.72,0,1,17.8,39,0
C101610,MidMarket,13,690.88,0,0,24.9,45,0
C101611,SMB,29,120.55,3,2,10.9,13,1
C101612,MidMarket,32,534.59,1,2,51.6,15,0
C101613,SMB,23,169.23,2,0,7.7,27,0
C101614,Enterprise,33,4060.37,2,0,40.8,43,0
C101615,SMB,8,211.63,0,1,13.9,29,0
C101616,MidMarket,12,761.37,1,2,37.3,0,0
C101617,MidMarket,28,718.41,0,0,19.0,44,0
C101618,MidMarket,31,506.73,0,1,42.6,36,0
C101619,SMB,20,189.27,0,1,20.7,-2,0
C101620,SMB,19,148.76,4,2,8.1,-3,1
C101621,SMB,22,164.97,1,1,33.6,23,0
C101622,SMB,33,109.11,2,1,31.6,26,0
C101623,SMB,10,118.09,1,1,31.3,11,1
C101624,MidMarket,21,397.02,2,1,43.8,14,0
C101625,MidMarket,14,659.25,1,2,31.2,19,0
C101626,MidMarket,8,526.11,0,2,25.5,-18,0
C101627,SMB,9,112.69,2,0,24.4,45,0
C101628,SMB,12,175.24,2,1,13.5,52,0
C101629,SMB,19,126.99,2,0,32.0,7,0
C101630,SMB,18,179.52,1,4,24.2,-12,0
C101631,SMB,18,170.11,2,2,15.9,-6,0
C101632,MidMarket,31,624.72,0,1,35.7,72,0
C101633,SMB,20,161.02,2,2,26.5,27,1
C101634,SMB,10,96.13,1,3,23.9,16,0
C101635,Enterprise,19,2974.65,1,2,47.6,26,0
C101636,SMB,22,174.59,2,2,22.1,40,0
C101637,SMB,20,149.18,1,0,25.2,3,0
C101638,MidMarket,19,512.83,2,1,16.8,-12,0
C101639,MidMarket,35,600.31,2,0,31.5,-8,0
C101640,MidMarket,29,794.09,1,0,23.8,22,0
C101641,SMB,10,167.75,1,1,19.4,10,0
C101642,SMB,1,139.87,3,2,14.0,10,0
C101643,SMB,12,193.75,3,1,18.3,4,1
C101644,SMB,24,186.61,2,1,26.6,11,0
C101645,MidMarket,35,571.27,1,0,36.6,24,0
C101646,MidMarket,20,625.5,3,3,31.5,26,0
C101647,MidMarket,14,754.01,1,0,24.9,6,0
C101648,MidMarket,29,721.76,1,1,27.7,42,0
C101649,SMB,30,224.44,2,0,34.8,-8,0
C101650,MidMarket,30,614.23,1,1,32.4,16,0
C101651,SMB,28,222.76,3,0,12.6,18,0
C101652,SMB,2,154.81,1,1,17.5,29,0
C101653,MidMarket,30,518.46,1,1,22.0,22,0
C101654,SMB,22,193.49,1,1,19.1,31,0
C101655,SMB,20,141.71,3,3,11.5,26,0
C101656,SMB,18,134.31,4,1,17.2,16,0
C101657,MidMarket,19,591.14,3,5,27.6,6,1
C101658,Enterprise,38,3219.65,0,0,67.7,34,0
C101659,MidMarket,19,826.28,1,3,15.2,5,0
C101660,SMB,28,189.46,4,2,29.4,30,0
C101661,SMB,18,134.47,2,0,25.8,19,0
C101662,MidMarket,27,707.31,0,2,22.7,28,0
C101663,SMB,11,140.11,1,0,1.6,14,0
C101664,SMB,18,112.73,1,1,36.8,-6,0
C101665,Enterprise,31,3807.39,2,0,66.2,10,0
C101666,SMB,12,186.74,1,1,23.1,-4,0
C101667,MidMarket,30,785.87,1,2,18.7,9,1
C101668,Enterprise,32,2949.6,2,0,63.2,19,0
C101669,SMB,14,101.37,3,1,41.3,-16,0
C101670,SMB,28,118.99,4,4,28.9,-2,0
C101671,SMB,4,138.14,0,4,0.0,16,1
C101672,MidMarket,12,435.05,2,1,17.0,14,0
C101673,MidMarket,9,657.32,2,3,44.5,-3,0
C101674,Enterprise,36,3479.26,3,0,47.3,36,0
C101675,Enterprise,13,2990.27,0,1,43.3,35,0
C101676,SMB,17,180.06,1,2,30.7,14,0
C101677,SMB,15,194.39,3,0,13.4,4,0
C101678,MidMarket,9,923.44,1,0,36.9,19,0
C101679,SMB,21,115.2,0,0,15.9,0,1
C101680,MidMarket,23,418.79,0,1,30.7,-17,0
C101681,MidMarket,28,653.58,3,1,34.2,-6,0
C101682,SMB,16,174.83,1,1,27.3,18,1
C101683,MidMarket,8,657.61,0,0,34.1,52,0
C101684,MidMarket,31,527.83,2,0,32.2,31,0
C101685,MidMarket,16,622.68,2,0,48.6,26,0
C101686,MidMarket,24,493.48,1,1,39.9,18,0
C101687,SMB,10,231.76,4,2,30.3,6,0
C101688,Enterprise,24,2709.73,0,0,55.2,19,0
C101689,SMB,17,124.49,2,2,15.8,30,0
C101690,SMB,6,157.54,3,1,21.6,37,1
C101691,MidMarket,26,350.18,0,1,35.9,41,0
C101692,SMB,12,169.45,2,2,40.0,13,0
C101693,SMB,17,101.33,2,3,35.9,27,0
C101694,MidMarket,17,704.54,1,1,37.5,37,0
C101695,MidMarket,17,522.91,1,2,45.8,46,0
C101696,SMB,21,164.79,2,0,21.3,31,0
C101697,SMB,10,81.12,3,0,11.4,-8,0
C101698,SMB,25,87.22,1,0,8.8,40,0
C101699,MidMarket,27,780.92,0,2,21.7,35,0
C101700,SMB,11,203.69,4,1,29.9,9,0
C101701,SMB,21,199.03,4,2,12.9,-1,1
C101702,SMB,20,214.97,1,1,9.0,25,1
C101703,Enterprise,9,2859.91,1,1,43.4,43,0
C101704,SMB,22,87.05,1,3,22.9,18,0
C101705,SMB,17,191.01,2,1,34.2,35,0
C101706,SMB,29,163.96,1,2,26.2,48,0
C101707,MidMarket,26,506.89,0,0,46.5,22,0
C101708,Enterprise,34,2221.88,0,0,62.0,30,0
C101709,Enterprise,43,2731.43,1,0,53.0,40,0
C101710,MidMarket,30,838.54,2,1,44.9,4,0
C101711,MidMarket,20,579.29,0,0,58.5,23,0
C101712,SMB,20,152.4,3,1,20.3,19,0
C101713,MidMarket,22,640.52,0,0,16.4,4,1
C101714,SMB,19,129.25,6,0,11.9,28,1
C101715,SMB,15,206.17,2,2,13.6,34,0
C101716,SMB,7,139.42,1,1,13.7,-5,0
C101717,SMB,21,194.0,2,0,26.4,51,1
C101718,SMB,15,170.76,2,2,19.5,22,1
C101719,MidMarket,25,573.78,0,0,32.4,37,0
C101720,SMB,20,142.15,2,3,28.7,26,0
C101721,SMB,18,148.49,3,0,24.2,35,0
C101722,SMB,18,165.09,0,1,10.8,33,0
C101723,SMB,24,145.9,2,3,8.3,7,0
C101724,SMB,7,155.74,2,0,27.0,8,0
C101725,SMB,27,148.15,3,1,25.1,45,0
C101726,SMB,22,153.1,2,3,0.0,24,0
C101727,SMB,28,150.98,1,1,9.9,24,0
C101728,MidMarket,24,598.52,2,1,49.3,51,0
C101729,MidMarket,34,460.49,0,1,52.7,32,0
C101730,Enterprise,25,2459.4,2,1,46.1,-15,0
C101731,SMB,22,176.05,0,0,35.0,27,0
C101732,MidMarket,24,521.08,4,2,41.7,-2,0
C101733,SMB,22,225.66,2,2,20.8,1,1
C101734,SMB,20,176.64,4,3,24.7,23,1
C101735,MidMarket,19,618.2,1,1,14.4,28,0
C101736,MidMarket,31,362.5,0,1,42.7,26,1
C101737,SMB,23,146.73,3,1,14.9,56,0
C101738,SMB,17,214.59,2,1,28.7,24,0
C101739,SMB,21,186.28,2,3,37.7,22,0
C101740,SMB,5,103.53,2,1,31.2,10,0
C101741,MidMarket,21,498.41,0,1,38.4,21,0
C101742,SMB,14,105.64,3,5,12.1,-3,0
C101743,SMB,24,52.26,1,1,29.9,19,0
C101744,SMB,14,160.17,0,0,10.3,43,0
C101745,SMB,21,133.84,2,1,12.9,67,0
C101746,Enterprise,7,2193.73,0,1,15.0,48,0
C101747,SMB,11,161.83,2,1,34.6,8,0
C101748,MidMarket,22,539.69,0,1,41.9,33,0
C101749,SMB,16,90.91,1,2,19.7,48,0
C101750,SMB,22,120.76,3,0,8.7,34,0
C101751,MidMarket,25,694.54,0,1,40.5,34,1
C101752,MidMarket,26,579.74,2,0,50.6,46,0
C101753,SMB,26,163.03,3,3,24.3,43,0
C101754,MidMarket,15,734.32,2,1,35.9,26,0
C101755,SMB,9,188.34,1,2,29.0,39,0
C101756,MidMarket,20,390.77,1,1,16.8,27,0
C101757,SMB,16,93.53,2,3,16.6,11,0
C101758,SMB,25,139.73,2,1,41.4,44,0
C101759,MidMarket,11,430.77,1,2,32.5,16,0
C101760,MidMarket,14,557.69,3,0,18.6,16,0
C101761,MidMarket,28,558.82,0,1,47.0,28,0
C101762,SMB,14,164.13,1,0,15.2,30,0
C101763,MidMarket,23,424.39,2,1,38.6,8,0
C101764,SMB,15,154.11,2,1,20.6,39,0
C101765,SMB,16,164.98,1,3,31.6,34,0
C101766,SMB,17,172.34,3,2,14.4,27,0
C101767,SMB,16,174.47,1,2,22.1,8,0
C101768,SMB,13,139.44,1,2,15.2,-16,0
C101769,MidMarket,32,593.97,1,2,35.6,39,0
C101770,MidMarket,25,513.82,3,2,34.3,25,0
C101771,MidMarket,30,656.6,0,1,29.3,6,0
C101772,Enterprise,47,3642.13,1,0,29.5,34,0
C101773,SMB,9,220.92,2,0,23.2,23,0
C101774,SMB,17,194.8,2,4,25.9,22,0
C101775,SMB,20,163.3,1,0,27.4,21,0
C101776,MidMarket,26,788.56,0,1,33.3,-4,0
C101777,Enterprise,35,2494.49,1,1,53.0,64,0
C101778,SMB,15,88.37,3,1,12.5,24,0
C101779,SMB,17,218.52,1,0,16.5,33,0
C101780,Enterprise,29,2733.19,0,0,47.1,-3,0
C101781,SMB,8,100.07,3,1,25.0,26,0
C101782,SMB,23,170.91,1,1,18.8,22,0
C101783,SMB,9,109.21,3,0,7.5,41,0
C101784,MidMarket,13,829.83,2,3,34.5,30,0
C101785,MidMarket,20,646.55,1,0,36.9,47,0
C101786,MidMarket,15,806.2,2,0,46.3,5,0
C101787,MidMarket,30,607.26,2,0,47.9,-6,0
C101788,SMB,24,138.69,2,1,28.4,14,0
C101789,SMB,22,108.16,1,3,19.6,16,0
C101790,Enterprise,22,3925.12,0,0,23.0,13,0
C101791,MidMarket,16,527.0,4,2,33.2,22,0
C101792,MidMarket,27,732.71,0,1,53.4,10,0
C101793,MidMarket,19,638.47,4,1,31.6,8,0
C101794,SMB,14,151.85,5,1,35.8,-10,1
C101795,SMB,26,168.25,5,1,18.4,45,1
C101796,MidMarket,30,624.23,0,0,49.6,24,0
C101797,SMB,23,142.18,3,0,36.3,15,1
C101798,Enterprise,23,2664.6,1,1,61.4,20,0
C101799,SMB,14,141.31,1,1,33.6,11,0
C101800,SMB,16,133.72,1,1,16.4,5,1
C101801,MidMarket,34,577.09,1,1,42.2,38,0
C101802,SMB,13,121.48,1,1,19.7,11,0
C101803,MidMarket,33,690.76,0,0,44.7,26,0
C101804,MidMarket,25,490.14,3,2,15.6,-8,0
C101805,SMB,23,126.9,2,0,16.0,30,0
C101806,SMB,25,122.68,2,1,30.8,20,0
C101807,MidMarket,29,812.56,0,2,26.0,35,0
C101808,MidMarket,33,642.84,0,1,36.9,20,0
C101809,SMB,1,110.83,4,2,21.3,16,0
C101810,MidMarket,35,521.65,1,1,32.9,24,0
C101811,SMB,12,80.34,2,1,11.8,-3,0
C101812,MidMarket,27,602.51,1,1,31.5,18,0
C101813,MidMarket,26,687.39,1,2,60.2,40,0
C101814,SMB,12,157.68,3,0,23.0,38,1
C101815,SMB,17,130.95,0,1,35.6,17,0
C101816,SMB,17,145.64,1,0,1.6,7,0
C101817,SMB,22,189.81,1,2,17.8,-3,0
C101818,SMB,16,150.98,5,0,19.1,-5,0
C101819,SMB,16,130.93,2,3,18.5,-20,1
C101820,SMB,15,120.08,1,0,24.4,34,0
C101821,SMB,16,140.54,3,1,19.2,-19,0
C101822,SMB,23,244.44,1,1,31.3,20,0
C101823,MidMarket,17,753.27,1,0,34.9,50,0
C101824,SMB,15,145.96,4,0,43.2,24,0
C101825,Enterprise,28,2895.14,1,1,77.5,40,0
C101826,SMB,16,164.33,1,1,22.6,11,0
C101827,SMB,11,149.16,2,5,19.1,39,0
C101828,SMB,30,174.31,0,2,47.7,25,0
C101829,MidMarket,30,558.79,1,0,19.0,20,0
C101830,SMB,21,124.68,4,1,17.5,-23,1
C101831,MidMarket,17,437.83,0,0,51.1,6,0
C101832,SMB,24,173.21,3,2,19.3,-30,1
C101833,MidMarket,31,480.53,2,0,42.0,50,0
C101834,MidMarket,31,458.5,1,0,57.5,45,0
C101835,Enterprise,30,3194.49,1,0,54.6,36,0
C101836,SMB,2,111.52,5,2,26.3,25,1
C101837,MidMarket,22,566.26,0,1,13.5,27,0
C101838,SMB,21,187.48,1,1,42.4,19,0
C101839,MidMarket,39,440.82,1,0,21.2,9,0
C101840,SMB,14,129.15,6,1,35.4,33,1
C101841,SMB,16,220.12,3,1,7.6,25,0
C101842,MidMarket,10,624.89,1,1,31.2,-28,0
C101843,MidMarket,24,629.84,1,1,0.0,30,0
C101844,SMB,28,135.27,1,1,13.0,21,0
C101845,MidMarket,15,482.95,0,1,19.4,62,0
C101846,SMB,19,124.57,2,0,24.7,20,0
C101847,SMB,23,168.64,4,0,20.1,29,0
C101848,Enterprise,35,3201.58,0,0,42.6,39,0
C101849,SMB,9,82.13,2,1,21.6,11,0
C101850,MidMarket,20,553.68,0,0,56.4,51,0
C101851,MidMarket,17,593.3,1,0,21.9,26,0
C101852,MidMarket,16,743.25,2,0,43.0,15,0
C101853,SMB,15,157.81,4,1,13.3,32,1
C101854,SMB,7,169.35,3,0,29.0,57,0
C101855,MidMarket,21,838.25,0,0,48.1,-2,0
C101856,SMB,12,197.33,1,1,24.2,17,0
C101857,SMB,13,131.43,2,0,13.8,14,0
C101858,MidMarket,21,634.13,1,0,16.7,37,0
C101859,MidMarket,28,540.53,1,1,55.9,-6,0
C101860,MidMarket,24,509.68,1,0,28.5,28,0
C101861,MidMarket,28,547.95,0,1,33.0,-5,0
C101862,SMB,17,204.64,3,1,21.7,18,0
C101863,SMB,16,138.9,1,1,18.0,31,0
C101864,SMB,18,205.5,3,0,27.2,33,0
C101865,SMB,15,176.3,2,3,15.7,23,0
C101866,SMB,17,101.44,3,0,37.1,13,0
C101867,SMB,15,198.58,3,1,29.5,5,0
C101868,MidMarket,25,666.87,0,0,40.7,7,0
C101869,SMB,22,179.22,1,2,24.1,36,0
C101870,SMB,15,151.13,2,1,6.2,20,0
C101871,SMB,15,117.84,0,1,6.6,27,0
C101872,MidMarket,16,576.59,1,0,30.6,36,0
C101873,Enterprise,42,2510.51,2,1,39.7,2,0
C101874,SMB,13,101.33,2,0,20.4,15,0
C101875,MidMarket,23,425.27,1,2,42.0,42,0
C101876,SMB,20,184.77,0,0,30.8,26,0
C101877,SMB,33,207.25,3,1,23.6,5,0
C101878,SMB,12,125.96,1,2,20.3,33,1
C101879,MidMarket,26,344.58,2,1,41.4,29,1
C101880,Enterprise,37,3296.77,0,0,78.0,47,0
C101881,SMB,19,191.47,4,1,20.2,-10,1
C101882,SMB,7,143.88,1,0,31.4,29,1
C101883,MidMarket,21,812.99,1,2,29.6,23,1
C101884,SMB,16,191.21,3,6,16.7,10,0
C101885,MidMarket,32,777.87,4,0,30.1,20,0
C101886,SMB,16,150.1,2,3,32.3,26,1
C101887,SMB,21,111.56,3,2,31.7,3,1
C101888,MidMarket,32,805.56,1,0,21.4,33,0
C101889,SMB,15,54.65,2,1,27.1,1,0
C101890,SMB,20,127.62,1,2,14.7,56,0
C101891,MidMarket,22,672.99,2,0,40.8,17,0
C101892,MidMarket,41,665.44,0,0,30.9,51,0
C101893,Enterprise,39,3839.54,4,0,58.0,38,0
C101894,SMB,29,108.93,2,2,38.7,31,0
C101895,MidMarket,26,592.76,0,0,33.4,45,0
C101896,MidMarket,23,469.17,0,2,29.0,17,0
C101897,SMB,18,138.49,1,3,20.1,47,0
C101898,Enterprise,27,2740.08,0,0,46.3,43,0
C101899,MidMarket,22,452.32,2,1,44.9,22,0
C101900,SMB,14,112.07,0,3,23.5,61,0
C101901,MidMarket,31,653.3,1,0,36.9,17,0
C101902,SMB,10,132.83,2,0,32.0,27,0
C101903,SMB,10,127.57,1,2,17.0,44,0
C101904,SMB,7,180.66,2,3,21.4,34,0
C101905,SMB,17,72.85,4,1,19.6,-5,1
C101906,Enterprise,23,4198.12,1,0,46.3,32,1
C101907,MidMarket,17,516.34,2,1,31.4,30,0
C101908,SMB,20,100.11,2,2,35.9,3,0
C101909,MidMarket,26,571.69,0,0,32.1,12,0
C101910,SMB,10,176.21,4,1,8.3,27,0
C101911,MidMarket,15,615.94,1,0,41.6,20,0
C101912,Enterprise,29,2522.03,2,1,17.0,27,0
C101913,SMB,13,112.99,1,2,19.0,28,0
C101914,MidMarket,29,550.18,0,0,33.8,15,0
C101915,SMB,16,173.32,1,1,26.2,1,0
C101916,SMB,22,120.25,1,0,33.8,24,0
C101917,SMB,18,137.58,1,1,24.4,6,1
C101918,SMB,15,104.86,1,1,31.3,29,0
C101919,SMB,16,192.15,2,1,6.0,35,0
C101920,SMB,19,118.78,2,0,39.6,-6,0
C101921,MidMarket,29,457.47,1,1,47.8,30,0
C101922,Enterprise,31,4049.26,1,1,57.0,15,0
C101923,SMB,7,160.66,3,0,17.2,18,0
C101924,SMB,17,145.14,3,3,17.5,9,0
C101925,SMB,17,149.15,0,1,18.7,-8,0
C101926,MidMarket,26,791.87,0,0,21.7,-1,0
C101927,SMB,11,211.78,5,1,31.6,11,1
C101928,SMB,12,218.22,1,1,16.9,25,1
C101929,SMB,20,185.13,1,2,13.4,44,0
C101930,SMB,19,118.66,2,1,37.7,6,0
C101931,SMB,24,168.21,2,0,20.3,-11,0
C101932,SMB,3,87.35,4,1,35.0,15,1
C101933,SMB,25,199.91,0,1,25.4,62,0
C101934,MidMarket,27,642.81,0,1,53.8,36,0
C101935,SMB,21,157.77,3,2,26.7,12,0
C101936,SMB,25,214.11,1,1,33.0,19,0
C101937,SMB,23,221.33,2,0,20.7,36,1
C101938,Enterprise,49,2813.72,1,1,65.5,18,0
C101939,MidMarket,7,776.71,0,1,0.0,23,0
C101940,SMB,20,162.69,1,1,17.6,29,1
C101941,Enterprise,31,2735.83,1,0,49.8,39,0
C101942,SMB,24,119.36,3,2,18.6,-1,1
C101943,SMB,3,64.98,0,2,10.3,33,0
C101944,SMB,19,90.61,1,0,13.2,37,1
C101945,SMB,27,170.78,4,1,20.0,33,0
C101946,Enterprise,18,2288.58,0,1,56.0,-2,0
C101947,SMB,19,158.14,0,1,8.8,11,0
C101948,MidMarket,17,507.78,1,3,21.5,-13,0
C101949,SMB,11,145.21,3,1,39.8,41,0
C101950,MidMarket,26,747.56,1,1,49.4,16,0
C101951,SMB,21,125.95,2,2,48.2,59,0
C101952,SMB,25,179.1,4,2,23.6,25,0
C101953,SMB,16,160.59,2,0,27.8,8,0
C101954,SMB,16,202.59,2,3,20.1,22,0
C101955,SMB,15,133.34,4,2,35.1,34,0
C101956,Enterprise,38,3277.83,1,0,45.6,24,0
C101957,Enterprise,41,3114.2,0,0,50.7,-6,0
C101958,SMB,20,143.27,1,0,38.5,20,0
C101959,Enterprise,30,3705.1,0,0,33.4,45,0
C101960,MidMarket,21,702.66,1,0,35.5,13,0
C101961,MidMarket,29,695.08,1,0,38.8,16,0
C101962,MidMarket,25,464.22,1,0,40.6,17,0
C101963,MidMarket,26,579.13,1,0,25.2,-3,0
C101964,MidMarket,23,454.72,5,0,9.5,27,1
C101965,SMB,13,209.8,1,3,11.1,10,0
C101966,Enterprise,35,3152.67,0,1,35.2,34,0
C101967,MidMarket,16,574.1,0,2,32.8,10,1
C101968,SMB,26,195.72,4,4,4.8,26,0
C101969,Enterprise,34,3468.54,0,0,25.6,7,0
C101970,MidMarket,24,466.51,2,2,37.4,12,0
C101971,MidMarket,15,688.32,0,0,4.0,19,0
C101972,MidMarket,10,525.27,3,1,49.1,-4,0
C101973,SMB,19,232.85,0,1,31.5,0,0
C101974,SMB,19,128.88,0,0,13.7,40,1
C101975,SMB,12,219.84,1,4,25.9,37,0
C101976,MidMarket,42,500.67,0,0,14.2,23,0
C101977,SMB,16,108.03,3,1,17.1,20,1
C101978,SMB,8,146.93,1,3,22.1,3,1
C101979,SMB,16,192.02,3,4,7.2,22,0
C101980,MidMarket,27,533.11,2,0,52.7,27,1
C101981,Enterprise,28,2019.7,1,1,62.8,59,0
C101982,SMB,16,260.17,6,1,10.4,-2,1
C101983,SMB,30,83.33,6,3,21.4,19,1
C101984,SMB,11,116.52,2,0,14.6,-7,0
C101985,SMB,9,193.23,0,2,4.4,42,0
C101986,Enterprise,38,3603.66,1,0,24.4,48,0
C101987,SMB,16,116.04,1,1,28.2,-9,1
C101988,MidMarket,28,615.33,0,3,58.8,58,0
C101989,SMB,20,191.3,1,3,12.8,18,1
C101990,MidMarket,18,731.57,0,3,18.2,23,0
C101991,SMB,32,156.9,1,2,12.8,6,0
C101992,SMB,27,191.87,1,0,25.8,28,0
C101993,MidMarket,25,796.28,1,2,36.7,37,0
C101994,SMB,19,196.15,2,1,31.7,14,0
C101995,SMB,20,128.24,4,2,23.3,24,0
C101996,Enterprise,24,1929.89,0,1,50.1,30,0
C101997,MidMarket,23,541.58,0,0,17.9,18,0
C101998,SMB,20,97.93,2,0,11.3,15,0
C101999,SMB,6,166.84,1,1,23.3,18,0
